symbol,low_date,low,peak_date,peak,gain
STLTECH,2026-01-27,86.24,2026-08-13,660.8,666.2337662337662
SWANDEF,2025-08-18,372.2,2026-08-07,2694.9,624.0462117141323
SIGMAADV,2025-08-18,111.37,2026-08-05,704.5,532.5760976923767
MTARTECH,2025-08-29,1396.0,2026-06-19,8374.5,499.8925501432665
UFBL,2026-01-29,173.89,2026-08-11,811.05,366.41555006038305
SALSTEEL,2025-08-13,15.14,2026-08-13,69.35,358.0581241743725
VENUSREM,2025-09-19,431.3,2026-06-25,1947.0,351.4259216322745
BLISSGVS,2025-11-07,127.9,2026-06-30,539.6,321.8921032056294
BGRENERGY,2025-08-14,112.36,2025-10-23,467.43,316.0110359558562
DEEDEV,2026-01-27,184.78,2026-06-17,738.75,299.79976187899126
CUPID,2026-03-13,76.25,2026-08-13,294.86,286.7016393442623
GVPIL,2026-01-27,274.95,2026-06-17,1055.2,283.7788688852519
ATHERENERG,2025-08-13,412.3,2026-08-12,1569.4,280.6451612903226
THANGAMAYL,2025-10-23,1950.7,2026-07-27,7309.5,274.71164197467573
YASHO,2026-01-08,1165.7,2026-08-04,4359.9,274.015612936433
HFCL,2026-01-27,60.95,2026-08-13,227.36,273.0270713699754
CPPLUS,2025-08-14,1057.05,2026-08-12,3899.1,268.8661841918547
IZMO,2025-08-14,385.55,2025-09-26,1348.7,249.81195694462457
IBULLSLTD,2026-02-24,9.11,2026-07-15,31.59,246.761800219539
INDOTECH,2026-03-30,1104.9,2026-08-10,3804.4,244.32075300932212
INDSWFTLAB,2025-12-31,88.15,2026-08-12,300.0,240.32898468519568
HINDCOPPER,2025-08-29,229.9,2026-01-29,760.05,230.6002609830361
MAHASTEEL,2025-08-29,331.5,2026-08-05,1076.9,224.85671191553547
RPTECH,2025-09-01,278.9,2026-08-05,902.85,223.7181785586232
AEROFLEX,2026-01-23,158.8,2026-06-17,510.9,221.7254408060453
CEMPRO,2026-03-23,509.7,2026-07-21,1639.6,221.67941926623502
NINSYS,2026-03-23,286.6,2026-07-09,914.15,218.96371249127702
MODISONLTD,2026-03-23,114.59,2026-06-05,362.7,216.5197661226983
SKYGOLD,2025-09-30,263.25,2026-08-12,833.1,216.4672364672365
DIACABS,2026-03-23,117.94,2026-08-12,367.95,211.9806681363405
SANSERA,2025-08-26,1252.6,2026-08-12,3878.3,209.61999041992658
SHILPAMED,2026-01-23,267.0,2026-08-11,819.7,207.00374531835206
ARFIN,2025-08-29,32.86,2026-05-12,99.77,203.6214242239805
BAJAJCON,2025-09-10,222.01,2026-07-10,670.25,201.90081527859104
KSHINTL,2026-01-13,331.9,2026-08-13,1001.45,201.7324495329919
SHREEJISPG,2025-10-08,223.44,2026-08-06,673.3,201.33369137128534
SAKAR,2025-08-19,317.1,2026-08-11,953.75,200.77262693156734
KERNEX,2026-03-30,857.0,2026-08-05,2549.2,197.45624270711784
KIRLOSENG,2025-09-09,863.0,2026-06-24,2563.6,197.05677867902665
TDPOWERSYS,2025-08-26,249.45,2026-08-13,740.8,196.97334135097213
ATLANTAELE,2026-01-27,726.3,2026-06-04,2151.5,196.2274542200193
SBCL,2026-03-24,375.25,2026-08-10,1105.05,194.4836775483011
UNIVCABLES,2026-03-16,584.55,2026-08-12,1708.9,192.344538533915
CONFIPET,2026-03-09,28.81,2026-08-03,83.77,190.7670947587643
BIRLACABLE,2026-03-30,104.3,2026-08-13,302.99,190.4985618408437
SPORTKING,2026-01-21,79.69,2026-08-03,229.63,188.15409712636466
RUBICON,2025-10-24,577.25,2026-08-11,1655.1,186.72152446946728
ACUTAAS,2025-08-14,1300.0,2026-07-03,3694.8,184.2153846153846
SETL,2026-03-30,105.65,2026-08-12,300.05,184.00378608613346
SUVEN,2026-03-23,126.65,2026-07-13,359.55,183.89261744966439
KABRAEXTRU,2026-01-20,182.58,2026-08-10,510.75,179.7403877752218
EBGNG,2026-01-27,242.55,2026-07-02,674.85,178.23129251700675
BLUSPRING,2026-03-19,44.72,2026-07-03,123.61,176.40876565295167
GRWRHITECH,2025-08-29,2697.3,2026-08-05,7409.5,174.70062655247835
PRECWIRE,2025-08-29,170.61,2026-08-13,468.65,174.69081530977076
JINDALPOLY,2026-01-21,367.2,2026-03-19,1007.6,174.400871459695
SOTL,2026-03-30,288.1,2026-08-06,781.95,171.4161749392572
NGLFINE,2025-12-19,1278.8,2026-08-10,3457.8,170.3941194870191
JNKINDIA,2026-01-21,203.78,2026-07-15,545.95,167.91147315732655
CYIENTDLM,2026-03-30,272.3,2026-08-13,728.15,167.4072713918472
STALLION,2026-03-09,101.83,2026-08-06,270.2,165.3442011195129
VINDHYATEL,2026-03-30,975.0,2026-08-12,2582.7,164.89230769230767
SASKEN,2026-03-16,1003.4,2026-06-18,2647.9,163.89276460035876
JAYBARMARU,2026-03-30,75.65,2026-07-14,199.18,163.29147389292797
TBZ,2026-03-30,111.51,2026-07-28,291.1,161.05282037485426
WELCORP,2026-01-27,721.85,2026-08-13,1883.9,160.98219851769755
PARACABLES,2026-03-30,28.56,2026-07-01,74.13,159.55882352941177
IDEAFORGE,2026-03-30,371.75,2026-06-09,964.9,159.55615332885003
SCHNEIDER,2026-01-21,579.2,2026-07-06,1501.0,159.1505524861878
BETA,2026-02-25,1030.3,2026-08-11,2668.3,158.98282053770754
APARINDS,2026-01-21,6966.0,2026-08-12,18000.0,158.3979328165375
RAMCOSYS,2026-03-30,344.05,2026-07-13,886.15,157.56430751344277
LLOYDSENGG,2026-03-30,37.73,2026-08-07,96.88,156.77179962894246
SPARC,2026-03-23,108.71,2026-07-09,277.57,155.33069634808206
IOLCP,2026-03-17,68.21,2026-07-14,173.78,154.7720275619411
ANTELOPUS,2026-01-12,359.5,2026-06-04,915.35,154.61752433936024
VIDYAWIRES,2026-01-21,44.87,2026-06-01,114.0,154.06730554936482
NETWEB,2025-08-20,2048.6,2026-08-13,5181.0,152.9044225324612
NRL,2026-03-30,46.75,2026-08-11,117.32,150.951871657754
WHEELS,2026-01-27,714.05,2026-06-30,1786.0,150.12254043834466
BLSE,2026-03-09,64.29,2026-08-05,159.575,148.21123036242025
AVALON,2026-01-28,793.85,2026-08-07,1965.3,147.56566101908422
BALAMINES,2026-03-30,977.2,2026-07-10,2414.9,147.1244371674171
SKMEGGPROD,2026-03-09,146.04,2026-07-13,360.9,147.12407559572716
APOLLO,2026-03-30,182.16,2026-07-03,450.05,147.0630215195433
PFOCUS,2025-09-01,141.63,2026-04-06,349.5,146.76975217115017
RUBYMILLS,2026-03-02,169.9,2026-07-22,417.2,145.5562095350206
RPEL,2026-03-30,566.4,2026-08-13,1388.8,145.19774011299432
PAISALO,2025-08-29,30.09,2026-07-16,73.78,145.19774011299432
MARINE,2026-03-30,151.7,2026-08-13,371.2,144.69347396176664
KAPSTON,2025-08-28,239.65,2026-08-13,585.1,144.1477154183184
IDEA,2025-08-14,6.15,2026-06-18,15.01,144.06504065040647
SPECTRUM,2026-01-12,1057.2,2026-08-06,2568.0,142.90578887627694
RRKABEL,2025-08-29,1167.5,2026-08-13,2834.2,142.7580299785867
BBOX,2025-09-05,444.5,2026-06-04,1078.2,142.56467941507313
GANDHAR,2026-03-30,116.79,2026-07-24,282.46,141.85289836458597
DSSL,2026-03-30,784.85,2026-05-25,1895.1,141.4601516213289
PARAS,2026-03-23,584.6,2026-06-19,1408.65,140.95963051659254
GCSL,2025-10-17,220.5,2026-07-27,531.1,140.86167800453518
SBC,2025-08-13,18.33,2026-06-22,44.09,140.5346426623023
MENONBE,2026-03-30,102.65,2026-08-10,246.55,140.18509498295177
MOREPENLAB,2026-03-30,33.68,2026-08-13,80.89,140.1722090261283
AEGISLOG,2026-03-23,587.95,2026-07-06,1409.2,139.6802449187856
RAIN,2025-12-08,101.48,2026-08-06,243.0,139.45605045329125
NATIONALUM,2025-08-28,184.79,2026-04-28,441.5,138.91985497050706
AVANTIFEED,2025-09-01,632.3,2026-04-20,1503.4,137.76688280879333
POWERINDIA,2026-01-16,16214.0,2026-05-29,38445.0,137.10990502035276
APEX,2025-08-29,211.46,2026-05-07,501.3,137.06611179419275
WALCHANNAG,2026-03-30,131.65,2026-06-19,312.05,137.0300037979491
NEOGEN,2025-12-09,979.8,2026-07-16,2321.4,136.92590324556036
SYRMA,2026-01-21,640.15,2026-08-10,1516.4,136.88198078575334
FCL,2026-03-30,19.24,2026-06-22,45.41,136.01871101871103
UEL,2026-01-19,115.92,2026-08-11,273.12,135.61076604554864
WEBELSOLAR,2026-03-09,51.89,2026-04-28,122.2,135.49816920408557
QPOWER,2026-01-27,595.1,2026-04-27,1398.7,135.03612838178455
PANAMAPET,2026-03-30,232.1,2026-08-11,545.5,135.02800517018528
UTLSOLAR,2026-03-04,174.83,2026-08-13,409.9,134.45632900531942
MACPOWER,2025-11-07,778.25,2026-08-10,1824.3,134.41053646000643
SGMART,2026-01-21,319.35,2026-08-13,747.15,133.9596054485674
KRN,2026-01-23,598.1,2026-08-13,1398.4,133.80705567630832
EXICOM,2026-03-30,76.26,2026-07-03,178.01,133.42512457382637
CNL,2026-03-30,528.15,2026-08-13,1226.0,132.13102338350845
OCCLLTD,2026-03-09,77.78,2026-08-04,180.37,131.89766006685522
ADANIENSOL,2025-09-05,755.95,2026-07-21,1741.6,130.3856075137244
HAPPYFORGE,2025-09-09,878.0,2026-08-12,2022.7,130.37585421412302
FILATEX,2026-03-30,36.9,2026-08-10,84.78,129.75609756097563
UNICHEMLAB,2026-03-27,284.05,2026-07-09,650.6,129.04418236226016
STYLAMIND,2025-09-04,1599.0,2026-08-10,3651.2,128.3427141963727
ORCHPHARMA,2026-03-30,482.45,2026-07-15,1101.4,128.2930873665665
SANGHVIMOV,2026-03-17,226.45,2026-08-11,516.95,128.28438948995364
RISHABH,2025-08-13,298.2,2026-08-11,678.85,127.64922870556674
CHENNPETRO,2025-08-18,627.05,2026-08-11,1426.1,127.43002950322938
ARROWGREEN,2026-03-16,345.8,2026-08-12,784.6,126.89415847310585
EMIL,2026-03-23,85.58,2026-08-12,193.61,126.23276466464128
OPTIEMUS,2026-03-30,292.75,2026-08-03,657.8,124.69684030742951
NIBE,2026-03-30,817.2,2026-06-22,1835.3,124.58394517865884
AEQUS,2026-03-16,115.11,2026-07-09,258.07,124.19424897923724
AETHER,2025-09-17,730.8,2026-08-11,1634.2,123.61795292829777
RATEGAIN,2026-03-30,438.15,2026-08-05,978.4,123.30252196736276
AEROENTER,2026-03-30,64.94,2026-06-22,144.99,123.26763165999387
JINDWORLD,2026-03-30,18.1,2026-08-03,40.41,123.25966850828726
LAURUSLABS,2025-09-26,832.3,2026-08-11,1858.0,123.23681364892468
DATAPATTNS,2026-01-23,2182.5,2026-06-22,4866.2,122.96449026345931
TINNARUBR,2026-03-30,536.0,2026-07-20,1189.9,121.99626865671641
MBAPL,2025-09-30,75.74,2026-08-13,168.12,121.96989701610775
BLUESTONE,2026-02-24,403.45,2026-08-12,894.5,121.71272772338583
SENORES,2025-09-26,673.6,2026-08-12,1492.4,121.55581947743471
NRBBEARING,2026-03-30,216.2,2026-08-10,478.25,121.2072155411656
MMFL,2025-11-10,298.1,2026-08-10,658.25,120.81516269708149
GREAVESCOT,2026-03-30,120.61,2026-07-10,263.6,118.55567531713791
ASTRAMICRO,2026-03-30,855.7,2026-07-31,1861.6,117.55288068248214
APCOTEXIND,2026-03-30,314.1,2026-07-29,681.6,117.0009551098376
GVT&D,2026-01-21,2557.8,2026-06-19,5533.5,116.33825944170769
PAUSHAKLTD,2026-03-30,344.9,2026-08-13,745.45,116.13511162655846
BSE,2025-09-30,2040.2,2026-05-26,4403.3,115.82687971767473
APOLLOPIPE,2026-01-21,254.45,2026-05-21,547.75,115.26822558459423
MPSLTD,2026-03-09,1366.7,2026-08-07,2931.2,114.47281773615273
ITDC,2026-03-30,370.5,2026-07-15,793.9,114.27800269905529
SUNFLAG,2026-03-30,194.1,2026-05-08,415.85,114.24523441524991
INDORAMA,2026-03-30,30.09,2026-08-04,64.46,114.22399468261881
ESAFSFB,2026-03-30,19.86,2026-08-06,42.54,114.19939577039275
SMLMAH,2025-11-21,2765.3,2026-08-05,5917.5,113.99124868911147
INDOBORAX,2025-09-29,227.89,2026-07-14,486.7,113.56794944929572
TEJASNET,2026-01-27,296.15,2026-06-19,632.35,113.52355225392537
SJS,2025-08-14,1176.4,2026-08-05,2510.3,113.38830329819788
KRISHANA,2025-10-01,88.57000000000001,2026-08-13,188.94,113.32279552896014
NIITLTD,2026-03-30,50.38,2026-07-06,107.33,113.04088924176261
TFCILTD,2026-01-02,55.24,2026-08-07,117.48,112.6719768283852
KAMDHENU,2026-03-30,17.29,2026-07-27,36.76,112.60844418739157
HUHTAMAKI,2026-03-30,149.9,2026-07-24,318.68,112.59506337558372
SGFIN,2026-01-30,334.75,2026-08-06,709.85,112.05377147124719
PREMEXPLN,2026-03-30,381.5,2026-06-29,808.5,111.92660550458714
TMB,2025-09-30,421.95,2026-07-27,893.65,111.79049650432518
DIVGIITTS,2025-12-22,581.75,2026-08-12,1231.95,111.76622260421146
WABAG,2026-01-27,1049.1,2026-07-10,2221.2,111.72433514440948
ONIDA,2025-12-08,21.8,2026-05-14,46.12,111.55963302752289
LUXIND,2026-03-30,825.9,2026-04-23,1747.05,111.53287322920451
SUBEXLTD,2026-03-30,6.68,2026-08-06,14.13,111.52694610778445
EMMVEE,2025-12-18,172.93,2026-07-16,365.35,111.2704562539756
COMSYN,2025-08-28,134.01,2026-08-13,282.66,110.92455786881578
UNIPARTS,2025-08-18,391.25,2026-08-10,824.8,110.81150159744405
EPACKPEB,2026-03-30,132.17,2026-07-13,278.32,110.57728682757056
ARVIND,2025-10-10,279.6,2026-06-30,587.1,109.97854077253217
DEEPINDS,2026-03-13,331.55,2026-08-12,696.1,109.95324988689487
PVP,2025-08-18,18.78,2025-11-25,39.41,109.85090521831734
NACLIND,2026-03-16,115.93,2026-07-13,243.02,109.62649874924523
RML,2026-03-30,620.0,2026-07-10,1299.6,109.61290322580646
DREDGECORP,2025-08-29,588.6,2026-06-03,1232.5,109.39517499150523
BHEL,2025-08-29,208.01,2026-07-16,435.4,109.31685976635737
KIRLPNU,2025-12-08,499.75,2026-06-22,1045.75,109.25462731365684
SUDEEPPHRM,2026-01-20,530.0,2026-08-11,1108.4,109.13207547169813
BHARATSE,2025-08-14,121.88,2026-07-13,254.62,108.91040367574664
PARKHOSPS,2026-01-12,143.92,2026-06-30,299.3,107.96275708727072
SEAMECLTD,2025-11-10,790.7,2026-06-02,1643.3,107.82850638674591
OLAELEC,2026-03-30,22.8,2026-06-09,47.34,107.63157894736844
PREMIERPOL,2025-11-19,38.28,2026-07-22,79.48,107.62800417972832
ADANIGREEN,2026-01-23,772.8,2026-07-14,1604.5,107.62163561076608
IMFA,2025-08-13,797.05,2026-04-29,1653.9,107.50266608117434
NELCO,2026-03-30,506.1,2026-08-13,1047.5,106.97490614503062
LUMAXTECH,2025-08-14,1004.7,2026-08-11,2076.3,106.65870409077337
IRISDOREME,2026-03-23,27.83,2026-08-13,57.51,106.64750269493354
VENUSPIPES,2026-03-30,894.0,2026-07-07,1845.4,106.42058165548099
PGIL,2025-09-05,601.95,2026-08-12,1240.2,106.03040119611262
UNIMECH,2026-03-30,706.3,2026-08-10,1452.3,105.6208410024069
PANACEABIO,2026-03-30,296.05,2026-06-09,607.75,105.28626921128188
AVADHSUGAR,2026-01-20,311.25,2026-08-13,637.2,104.72289156626508
BHARATFORG,2025-08-29,1106.7,2026-08-07,2265.2,104.68058191018338
IKIO,2026-03-30,107.33,2026-07-17,219.37,104.38833504146095
JGCHEM,2026-01-27,305.2,2026-08-11,622.35,103.91546526867629
JTLIND,2026-03-30,40.8,2026-07-06,83.09,103.65196078431373
LUMAXIND,2025-08-14,3295.3,2026-02-11,6703.0,103.4109185810093
QUESS,2026-03-30,169.72,2026-08-03,345.05,103.30544426113599
ADFFOODS,2026-03-27,157.89,2026-07-03,320.4,102.92608778263349
HIRECT,2026-03-30,660.1,2026-08-03,1339.4,102.90865020451449
IRMENERGY,2026-03-27,176.06,2026-04-29,357.08,102.81722140179482
HCC,2026-03-30,13.73,2026-06-22,27.83,102.6948288419519
SILVERTUC,2026-03-30,103.8,2026-07-29,209.99,102.30250481695569
RAYMONDREL,2026-03-16,357.35,2026-07-13,722.75,102.25269343780607
HESTERBIO,2026-03-30,1259.1,2026-07-13,2545.0,102.12850448733221
SONACOMS,2025-10-08,405.25,2026-08-07,818.05,101.86304750154224
LLOYDSENT,2026-03-30,41.38,2026-08-07,83.5,101.7883035282745
SIMPLEXINF,2026-03-30,140.3,2026-06-18,282.0,100.99786172487524
MWL,2025-11-14,21.425,2026-08-06,43.04,100.88681446907816
NEULANDLAB,2026-03-23,11555.0,2026-08-13,23207.0,100.83946343574209
JAYNECOIND,2025-08-14,57.44,2026-05-04,115.24,100.62674094707523
SATIN,2025-08-28,134.08,2026-07-24,268.87,100.52953460620523
