symbol,ladder_%,trades,gain
ACUTAAS,19.12541592659651,8,184.2153846153846
ADANIENSOL,22.71572418398875,10,130.3856075137244
ADANIGREEN,37.9184,2,107.62163561076608
ADFFOODS,34.399999999999984,1,102.92608778263349
AEGISLOG,51.24700250000003,3,139.6802449187856
AEQUS,0.0,0,124.19424897923724
AEROENTER,24.948595200000014,3,123.26763165999387
AEROFLEX,100.4051328,3,221.7254408060453
AETHER,44.22847362778401,5,123.61795292829777
ANTELOPUS,-31.0378318815663,7,154.61752433936024
APARINDS,31.985713248665615,5,158.3979328165375
APCOTEXIND,43.48700000000001,2,117.0009551098376
APEX,11.225838084184158,7,137.06611179419275
APOLLO,32.8450248,3,147.0630215195433
APOLLOPIPE,11.105166919999988,4,115.26822558459423
ARFIN,-4.5357807999999995,3,203.6214242239805
ARROWGREEN,42.63250000000001,2,126.89415847310585
ARVIND,32.243619200000005,4,109.97854077253217
ASTRAMICRO,47.437739999999984,3,117.55288068248214
ATHERENERG,65.97354825189998,4,280.6451612903226
ATLANTAELE,-0.7000000000000006,1,196.2274542200193
AVADHSUGAR,25.398067899999987,3,104.72289156626508
AVALON,30.346231226912003,5,147.56566101908422
AVANTIFEED,-7.472141646959118,8,137.76688280879333
BAJAJCON,46.70427906621961,7,201.90081527859104
BALAMINES,33.28249999999999,2,147.1244371674171
BBOX,63.326517543770834,8,142.56467941507313
BETA,0.0,0,158.98282053770754
BGRENERGY,160.27193985233305,7,316.0110359558562
BHARATFORG,51.238679349935,8,104.68058191018338
BHARATSE,3.2715100679038045,6,108.91040367574664
BHEL,25.977040805486197,11,109.31685976635737
BIRLACABLE,6.29016200000001,3,190.4985618408437
BLISSGVS,87.73428835796541,6,321.8921032056294
BLSE,79.0,1,148.21123036242025
BLUESTONE,63.35440000000001,2,121.71272772338583
BLUSPRING,52.85499999999998,2,176.40876565295167
BSE,9.986572800000015,3,115.82687971767473
CEMPRO,113.40000000000003,1,221.67941926623502
CHENNPETRO,-31.16607196035668,14,127.43002950322938
CNL,56.519000000000005,2,132.13102338350845
COMSYN,13.371659584942929,12,110.92455786881578
CONFIPET,35.799979264399994,4,190.7670947587643
CPPLUS,13.985899999999996,2,268.8661841918547
CUPID,38.39999999999999,1,286.7016393442623
CYIENTDLM,81.70000000000002,1,167.4072713918472
DATAPATTNS,14.413108242564832,5,122.96449026345931
DEEDEV,107.60739999999997,2,299.79976187899126
DEEPINDS,39.64862764159997,4,109.95324988689487
DIACABS,86.13022400000001,3,211.9806681363405
DIVGIITTS,66.19907527024245,6,111.76622260421146
DREDGECORP,3.730769656256383,7,109.39517499150523
DSSL,47.2064,2,141.4601516213289
EBGNG,26.890782199999986,3,178.23129251700675
EMIL,41.91855284749997,4,126.23276466464128
EMMVEE,0.0,0,111.2704562539756
EPACKPEB,-8.797600000000006,2,110.57728682757056
ESAFSFB,29.549000000000003,2,114.19939577039275
EXICOM,-29.311492853599997,4,133.42512457382637
FCL,0.0,0,136.01871101871103
FILATEX,70.40000000000002,1,129.75609756097563
GANDHAR,7.868655057800011,4,141.85289836458597
GCSL,8.400000000000007,1,140.86167800453518
GREAVESCOT,5.9361,2,118.55567531713791
GRWRHITECH,69.666394387616,5,174.70062655247835
GVPIL,139.254668,3,283.7788688852519
GVT&D,17.151583837486896,6,116.33825944170769
HAPPYFORGE,61.64785951280072,8,130.37585421412302
HCC,-7.951740400000007,3,102.6948288419519
HESTERBIO,20.97169999999999,2,102.12850448733221
HFCL,132.7413284,3,273.0270713699754
HINDCOPPER,93.48961498438521,6,230.6002609830361
HIRECT,-4.0000000000000036,1,102.90865020451449
HUHTAMAKI,45.4,1,112.59506337558372
IBULLSLTD,63.83640000000001,2,246.761800219539
IDEA,24.64826387278869,8,144.06504065040647
IDEAFORGE,88.20000000000002,1,159.55615332885003
IKIO,16.999999999999993,1,104.38833504146095
IMFA,30.69654341425634,8,107.50266608117434
INDOBORAX,23.882697607798065,9,113.56794944929572
INDORAMA,-11.111372287999998,4,114.22399468261881
INDOTECH,62.48200000000001,2,244.32075300932212
INDSWFTLAB,93.19844463919999,6,240.32898468519568
IOLCP,42.608499999999985,2,154.7720275619411
IRISDOREME,52.483999999999995,2,106.64750269493354
IRMENERGY,3.2286680000000123,3,102.81722140179482
ITDC,-10.412777699200005,4,114.27800269905529
IZMO,137.13547890786083,8,249.81195694462457
JAYBARMARU,62.09199999999999,2,163.29147389292797
JAYNECOIND,30.451904357018144,10,100.62674094707523
JGCHEM,24.257705264000016,4,103.91546526867629
JINDALPOLY,36.922046029999976,4,174.400871459695
JINDWORLD,-6.800000000000006,1,123.25966850828726
JNKINDIA,19.26033079999998,3,167.91147315732655
JTLIND,8.752844199999977,3,103.65196078431373
KABRAEXTRU,61.724368000000005,3,179.7403877752218
KAMDHENU,13.79999999999999,1,112.60844418739157
KAPSTON,80.34641624987711,7,144.1477154183184
KERNEX,60.2042,2,197.45624270711784
KIRLOSENG,58.6505300253384,8,197.05677867902665
KIRLPNU,24.277419156799994,4,109.25462731365684
KRISHANA,23.17702774418604,10,113.32279552896014
KRN,25.08649999999999,3,133.80705567630832
KSHINTL,0.0,0,201.7324495329919
LAURUSLABS,92.386046105432,5,123.23681364892468
LLOYDSENGG,19.15487779999998,3,156.77179962894246
LLOYDSENT,8.539300000000004,3,101.7883035282745
LUMAXIND,35.07744869520237,11,103.4109185810093
LUMAXTECH,-16.039261210882394,12,106.65870409077337
LUXIND,6.789030740967483,5,111.53287322920451
MACPOWER,52.493581054014605,7,134.41053646000643
MAHASTEEL,213.93257146469122,5,224.85671191553547
MARINE,24.727290379999967,4,144.69347396176664
MBAPL,32.69940820846631,11,121.96989701610775
MENONBE,31.566309559999972,4,140.18509498295177
MMFL,25.32926544740257,6,120.81516269708149
MODISONLTD,101.9,1,216.5197661226983
MOREPENLAB,15.692121865600006,4,140.1722090261283
MPSLTD,46.30000000000001,1,114.47281773615273
MTARTECH,246.1208197687777,6,499.8925501432665
MWL,8.899999999999997,1,100.88681446907816
NACLIND,2.2449948800000064,4,109.62649874924523
NATIONALUM,69.63424882458038,6,138.91985497050706
NELCO,30.735200000000006,2,106.97490614503062
NEOGEN,10.646636730667502,6,136.92590324556036
NETWEB,27.62871881994866,12,152.9044225324612
NEULANDLAB,42.705275999999984,3,100.83946343574209
NGLFINE,58.17721255819998,5,170.3941194870191
NIBE,37.000000000000014,2,124.58394517865884
NIITLTD,4.690400000000006,3,113.04088924176261
NINSYS,112.69999999999997,1,218.96371249127702
NRBBEARING,70.59679999999999,2,121.2072155411656
NRL,85.19999999999999,1,150.951871657754
OCCLLTD,-3.60926399999999,3,131.89766006685522
OLAELEC,-11.643082000000005,3,107.63157894736844
ONIDA,48.76217346200002,4,111.55963302752289
OPTIEMUS,21.599999999999998,1,124.69684030742951
ORCHPHARMA,23.07560120000001,3,128.2930873665665
PAISALO,41.81795638239196,6,145.19774011299432
PANACEABIO,2.3531600000000097,3,105.28626921128188
PANAMAPET,23.984570000000005,3,135.02800517018528
PARACABLES,30.92205199999998,3,159.55882352941177
PARAS,44.61919999999999,3,140.95963051659254
PARKHOSPS,0.0,0,107.96275708727072
PAUSHAKLTD,0.0,0,116.13511162655846
PFOCUS,60.5217737794663,7,146.76975217115017
PGIL,58.29661208513641,8,106.03040119611262
POWERINDIA,55.52147138460799,5,137.10990502035276
PRECWIRE,26.61368653731653,11,174.69081530977076
PREMEXPLN,11.74679999999999,2,111.92660550458714
PREMIERPOL,-12.948586310995102,7,107.62800417972832
PVP,-15.130719094846679,9,109.85090521831734
QPOWER,32.189123443999975,4,135.03612838178455
QUESS,35.699999999999996,1,103.30544426113599
RAIN,21.56653028519997,4,139.45605045329125
RAMCOSYS,47.36619999999998,2,157.56430751344277
RATEGAIN,44.91399999999999,2,123.30252196736276
RAYMONDREL,-0.31080000000001107,2,102.25269343780607
RISHABH,34.72115039870089,10,127.64922870556674
RML,30.109699999999997,2,109.61290322580646
RPEL,74.7221,2,145.19774011299432
RPTECH,74.72635762085504,7,223.7181785586232
RRKABEL,70.32796651666177,8,142.7580299785867
RUBICON,1.4999999999999902,1,186.72152446946728
RUBYMILLS,23.7858272,3,145.5562095350206
SAKAR,51.892520314684454,12,200.77262693156734
SALSTEEL,97.7912406029452,8,358.0581241743725
SANGHVIMOV,25.011625816000006,4,128.28438948995364
SANSERA,65.75842736532213,8,209.61999041992658
SASKEN,56.09599999999999,2,163.89276460035876
SATIN,29.735686951810102,7,100.52953460620523
SBC,94.33023510640004,4,140.5346426623023
SBCL,69.70109120000001,3,194.4836775483011
SCHNEIDER,21.57045421360211,6,159.1505524861878
SEAMECLTD,39.58176180193278,6,107.82850638674591
SENORES,55.796955940412516,8,121.55581947743471
SETL,59.10895000000001,3,184.00378608613346
SGFIN,-5.782563200000013,3,112.05377147124719
SGMART,11.7,1,133.9596054485674
SHILPAMED,76.78239999999998,2,207.00374531835206
SHREEJISPG,30.800000000000004,1,201.33369137128534
SIGMAADV,318.4930316619732,6,532.5760976923767
SILVERTUC,0.0,0,102.30250481695569
SIMPLEXINF,-7.7169754000000035,3,100.99786172487524
SJS,28.798002367045083,10,113.38830329819788
SKMEGGPROD,12.1,1,147.12407559572716
SKYGOLD,37.9355807,3,216.4672364672365
SMLMAH,35.6394585068138,9,113.99124868911147
SONACOMS,37.184885051477124,6,101.86304750154224
SOTL,49.15895999999999,3,171.4161749392572
SPARC,43.113200000000006,2,155.33069634808206
SPECTRUM,33.54547787,4,142.90578887627694
SPORTKING,4.594284824288031,5,188.15409712636466
STALLION,13.923084199999991,3,165.3442011195129
STLTECH,363.9538609999999,3,666.2337662337662
STYLAMIND,62.34899721178695,6,128.3427141963727
SUBEXLTD,-12.15452800000001,3,111.52694610778445
SUDEEPPHRM,0.0,0,109.13207547169813
SUNFLAG,17.6822,2,114.24523441524991
SUVEN,30.140800000000013,2,183.89261744966439
SWANDEF,0.0,0,624.0462117141323
SYRMA,63.20992940000003,4,136.88198078575334
TBZ,43.199999999999996,1,161.05282037485426
TDPOWERSYS,114.76491198678444,7,196.97334135097213
TEJASNET,-0.6360495999999993,3,113.52355225392537
TFCILTD,21.599999999999998,1,112.6719768283852
THANGAMAYL,67.88433913436222,8,274.71164197467573
TINNARUBR,-3.725289999999992,3,121.99626865671641
TMB,4.97262891543393,8,111.79049650432518
UEL,33.60000000000001,1,135.61076604554864
UFBL,106.32035041280004,4,366.41555006038305
UNICHEMLAB,14.155999999999992,2,129.04418236226016
UNIMECH,6.158316360095983,5,105.6208410024069
UNIPARTS,30.81473027475774,9,110.81150159744405
UNIVCABLES,98.9927,2,192.344538533915
UTLSOLAR,0.0,0,134.45632900531942
VENUSPIPES,10.391709999999987,3,106.42058165548099
VENUSREM,159.59006608469198,8,351.4259216322745
VIDYAWIRES,0.0,0,154.06730554936482
VINDHYATEL,54.180800000000005,2,164.89230769230767
WABAG,43.55120000000001,2,111.72433514440948
WALCHANNAG,-4.794769599999993,3,137.0300037979491
WEBELSOLAR,0.0,0,135.49816920408557
WELCORP,90.83571107603198,5,160.98219851769755
WHEELS,26.421113139200013,4,150.12254043834466
YASHO,163.6291,2,274.015612936433
