trait,side,cut,train_lift
I: 200 EMA slope 1M %,low,-3.3870599849752603,1.5140845070422535
W: 10W above 30W %,low,-11.409597479176636,1.4729064039408868
B: 50d range %,high,27.763848624931438,1.4729064039408868
D: 50 EMA above 200 EMA %,low,-12.54022492612029,1.4515632219313108
D: RSI 14,low,64.93348671462981,1.4502463054187194
W: weekly RSI,low,45.73424850100006,1.447561588738059
W: % above 30W MA,low,-4.023176262587436,1.427586206896552
D: % above 200 EMA,low,-5.924827530481749,1.4225319574926845
M: 6M return %,low,-16.896439796087506,1.3917693169092944
M: % above 10M EMA,low,-5.496934180608659,1.376860148032723
