trait,n,low_third_%,high_third_%,lift,better_when
B: 50d range %,329,10.0,42.7,1.65,high
W: % above 30W MA,329,40.0,11.8,1.55,low
M: % above 10M EMA,329,39.1,17.3,1.51,low
W: 10W above 30W %,329,38.2,12.7,1.48,low
D: % above 200 EMA,329,38.2,15.5,1.48,low
I: 200 EMA slope 1M %,310,37.5,13.6,1.45,low
B: days to lift from low,329,37.3,11.8,1.44,low
W: % above 10W EMA,329,37.3,17.3,1.44,low
D: % above 50 EMA,329,36.4,19.1,1.41,low
M: 6M return %,329,36.4,18.2,1.41,low
A: up/down volume 50d,329,35.5,18.2,1.37,low
D: % from 52W high,329,35.5,19.1,1.37,low
D: 50 EMA above 200 EMA %,329,34.5,16.4,1.34,low
D: RSI 14,329,34.5,14.5,1.34,low
A: accumulation minus distribution weeks (13w),329,32.7,20.9,1.27,low
D: % above 20 EMA,329,21.8,32.7,1.27,high
M: 12M return %,191,32.8,20.3,1.27,low
A: up/down volume 13w,329,31.8,19.1,1.23,low
W: higher weekly lows (of 8),329,30.9,16.4,1.2,low
W: weekly RSI,329,30.9,16.4,1.2,low
I: trend-template checks (of 8),329,29.1,25.5,1.13,low
D: % above 52W low,329,21.8,29.1,1.13,high
B: ATR% vs its 50d avg,329,28.2,29.1,1.13,high
A: delivery % vs 6M avg,323,25.0,28.7,1.11,high
A: traded value 20d vs 6M,329,27.3,20.0,1.06,low
I: template checks gained 1M,329,26.4,27.3,1.06,high
I: RS percentile now,187,27.0,19.4,1.04,low
I: RS change 1M,107,25.0,16.7,0.97,low
W: 30W MA rising (13w slope %),329,22.7,21.8,0.88,low
