trait,n,Q1_low_%,Q3_%,Q5_high_%,runner_median,fizzle_median,best_lift,better_when
B: 50d range %,756,6.6,21.2,39.7,29.57,23.18,1.93,high
M: % above 10M EMA,582,38.5,17.2,12.0,-8.59,-0.73,1.86,low
D: % above 200 EMA,583,37.6,14.5,12.0,-9.55,-0.59,1.82,low
I: 200 EMA slope 1M %,549,37.3,14.7,8.2,-4.06,-2.19,1.81,low
W: % above 30W MA,756,35.5,15.2,15.9,-5.48,0.78,1.72,low
D: 50 EMA above 200 EMA %,583,35.0,20.5,11.1,-14.36,-8.39,1.7,low
D: RSI 14,756,34.9,15.9,13.2,64.34,67.1,1.69,low
W: % above 10W EMA,756,34.2,17.2,21.9,7.24,8.27,1.66,low
B: days to lift from low,756,33.6,18.5,11.9,16.5,26.0,1.63,low
W: 10W above 30W %,756,33.6,15.2,15.2,-12.51,-7.46,1.63,low
D: % above 50 EMA,756,33.6,11.9,21.9,6.45,7.78,1.63,low
D: % from 52W high,756,32.2,15.9,16.6,-32.44,-26.82,1.56,low
W: weekly RSI,714,32.2,16.9,8.4,42.09,48.34,1.56,low
M: 6M return %,679,31.6,20.0,8.8,-17.46,-9.33,1.53,low
M: 12M return %,369,31.1,11.0,13.5,-17.32,-10.54,1.51,low
D: % above 20 EMA,756,15.8,19.2,29.1,9.15,8.08,1.41,high
I: trend-template checks (of 8),756,28.9,19.2,15.2,1.5,2.0,1.4,low
A: up/down volume 50d,756,28.3,18.5,18.5,1.31,1.5,1.37,low
I: RS percentile now,358,27.8,15.3,8.3,40.1,48.65,1.35,low
W: higher weekly lows (of 8),756,27.6,13.9,13.2,4.0,4.0,1.34,low
A: up/down volume 13w,716,27.1,18.9,14.0,1.21,1.33,1.31,low
A: accumulation minus distribution weeks (13w),723,24.8,19.3,15.9,0.0,1.0,1.2,low
B: ATR% vs its 50d avg,756,23.7,15.9,23.8,0.98,0.97,1.16,high
W: 30W MA rising (13w slope %),686,23.2,16.1,14.6,-11.83,-8.67,1.12,low
I: template checks gained 1M,756,23.0,15.9,16.6,1.0,1.0,1.12,low
A: traded value 20d vs 6M,717,22.9,23.8,18.1,0.98,1.02,1.11,low
A: delivery % vs 6M avg,731,17.0,14.4,22.6,0.35,-0.26,1.1,high
D: % above 52W low,756,13.8,18.5,22.5,27.57,26.45,1.09,high
I: RS change 1M,219,18.2,9.3,6.8,11.24,17.8,0.88,low
