SYMBOL,SYMBOL P/E,ADJUSTED P/E
THERMAX,80.52,86.88
WHEELS,20.62,20.62
RIIL,94.76,94.76
PREMIERPOL,21.65,21.65
RAYMOND,0.78,0.75
RSWM,15.88,14.13
SHREDIGCEM,59.32,59.32
SESHAPAPER,14.84,14.84
SMLMAH,52.48,52.48
SUNDRMFAST,37.16,36.59
EXIDEIND,43.04,42.73
ELECON,42.82,40.69
CRISIL,37.63,37.63
LMW,101.67,97.08
NELCO,581.57,217.11
MASTEK,13.53,13.02
MAHSCOOTER,56.70,56.70
LUMAXIND,31.43,29.38
TRENT,91.30,90.33
KECL,71.05,45.70
CUMMINSIND,63.26,61.44
KCP,8.05,7.75
JAYBARMARU,11.48,11.11
INFY,15.59,15.14
INDIAGLYCO,26.35,26.29
IONEXCHANG,57.93,51.52
IFBIND,36.39,34.18
IGPL,18.97,18.97
HIMATSEIDE,16.14,16.14
GNFC,7.69,7.69
GFLLIMITED,12.68,12.68
BPCL,8.20,9.06
BHARATFORG,96.99,88.76
BASF,27.77,27.77
FORCEMOT,19.46,22.13
ATUL,24.67,24.72
ARVIND,33.53,32.66
ACC,13.56,13.62
TMPV,1.54,1.46
SCI,8.88,8.88
MRPL,9.36,10.65
LINDEINDIA,111.12,111.12
HINDPETRO,50.29,50.29
ESCORTS,24.93,24.21
RELINFRA,0.62,0.82
BAJAJHLDNG,14.09,14.09
ASHOKLEY,28.02,26.17
ZUARIIND,7.38,6.78
VOLTAS,114.02,108.27
TITAN,87.45,86.16
TATASTEEL,20.98,19.51
SUNDARMFIN,23.26,22.67
SPIC,6.57,6.57
VEDL,3.77,3.57
SBIN,12.02,12.36
RELIANCE,20.34,20.34
PFIZER,30.49,29.15
NOCIL,43.12,40.98
BOSCHLTD,44.67,53.24
DRREDDY,30.70,30.70
BATAINDIA,69.73,100.42
DEEPAKFERT,19.98,19.98
CHAMBLFERT,9.55,9.55
CARBORUNIV,121.37,46.01
MAHSEAMLES,11.16,11.09
HINDOILEXP,33.19,68.33
DICIND,25.24,22.87
COROMANDEL,34.56,33.77
BALMLAWRIE,11.75,11.75
VINDHYATEL,12.31,12.31
MOTOGENFIN,0.68,
MARALOVER,10.25,9.98
ASIANPAINT,54.63,53.39
RAMCOCEM,31.69,120.16
INDIACEM,131.70,84.85
PGHL,28.22,30.27
BEML,101.64,101.64
ADOR,22.76,22.39
CENTENKA,8.95,8.86
TORNTPHARM,87.44,84.49
VTL,20.27,20.27
SUNDROP,89.66,89.66
FEDERALBNK,18.66,18.66
EPL,18.62,17.56
VLSFINANCE,37.72,37.72
SUPREMEIND,42.78,42.78
SRF,35.99,34.97
BIRLACABLE,16.07,16.07
BALRAMCHIN,35.16,35.16
AEGISLOG,33.29,33.29
WEIZMANIND,20.95,20.95
UNICHEMLAB,13.85,70.01
BBOX,60.56,47.79
HONAUT,61.47,60.57
JTEKTINDIA,50.93,48.06
SAURASHCEM,114.65,51.15
RANEHOLDIN,18.39,21.31
PRECOT,28.54,28.54
TATAELXSI,35.35,32.83
SUNPHARMA,38.63,36.99
KOHINOOR,1.06,
SHREYANIND,30.26,30.26
SANDESH,8.38,8.24
HCC,34.03,39.28
BAJAJHIND,33.22,29.93
APOLLOHOSP,64.44,63.96
ARE&M,18.95,24.11
ADANIENT,54.51,104.82
IVP,5.27,5.21
BALKRISIND,33.91,33.91
INDBANK,19.45,19.45
GINNIFILA,10.85,10.85
EICHERMOT,37.89,37.61
GVT&D,85.67,82.81
NEULANDLAB,55.53,55.53
ONGC,6.68,6.64
ITI,94.46,
ZENSARTECH,14.67,14.32
TAINWALCHM,24.14,24.04
BERGEPAINT,51.47,51.00
BANARISUG,29.76,29.76
KPIL,21.44,21.88
JYOTISTRUC,21.73,21.73
IGARASHI,94.75,94.75
BSL,53.67,53.67
BLUEDART,42.26,37.42
JAYNECOIND,15.94,15.66
MUNJALSHOW,21.54,20.20
APCOTEXIND,19.96,20.02
SOTL,12.95,12.95
HSCL,47.75,47.75
RCF,16.53,17.98
RANASUG,8.15,
KARURVYSYA,11.89,11.89
DECCANCE,28.34,52.69
WSI,205.36,238.59
UFLEX,11.02,10.71
TATAPOWER,23.02,22.83
ADVANIHOTR,19.67,19.11
THOMASCOOK,23.70,23.14
SUNFLAG,34.64,33.51
SUBROS,32.56,31.50
SPMLINFRA,21.94,21.94
SIMPLEXINF,46.45,47.26
SIEMENS,75.60,75.60
BHARATRAS,16.07,14.62
WIPRO,13.88,13.88
VSTIND,13.39,13.39
JUBLPHARMA,37.12,33.43
UNIVCABLES,27.78,27.78
TATACOMM,52.82,47.97
TOKYOPLAST,223.85,223.85
SOMANYCERA,27.91,26.95
MURUDCERA,17.35,17.35
IFCI,46.43,44.87
HLVLTD,100.20,61.28
SANOFI,23.85,22.53
M&M,20.92,20.70
LIBERTSHOE,40.24,40.73
KAJARIACER,33.72,31.97
KABRAEXTRU,3291.89,2231.24
HEIDELBERG,30.63,29.31
MODTHREAD,13.76,13.76
MODIRUBBER,474.15,474.15
MANGLMCEM,20.07,18.40
PRSMJOHNSN,190.07,
POLYPLEX,85.53,85.53
PIDILITIND,64.12,64.13
PCBL,49.37,52.21
3PLAND,25.45,25.45
EIHAHOTELS,21.54,21.10
HONDAPOWER,32.20,29.00
JINDALSAW,28.24,28.24
SAIL,17.09,15.22
RUBYMILLS,28.01,28.01
STYRENIX,14.69,14.62
ABB,54.86,54.86
IDBI,9.76,9.76
GRAPHITE,67.50,66.91
CANFINHOME,9.53,9.53
BRITANNIA,49.87,49.87
BBL,23.71,23.71
ELECTCAST,27.66,23.73
DHAMPURSUG,13.63,13.63
DCMSHRIRAM,10.98,11.59
DABUR,37.48,37.26
COSMOFIRST,13.72,13.28
CIPLA,35.56,33.31
HEROMOTOCO,20.24,19.90
HDFCBANK,14.32,14.12
HARRMALAYA,14.08,14.08
GMBREW,12.29,12.29
GIPCL,6.14,6.14
ITC,17.75,17.80
INDIANHUME,14.48,22.23
HINDCOMPOS,19.18,18.34
IOC,5.64,5.64
OSWALGREEN,,15.70
HUHTAMAKI,16.05,16.05
RICOAUTO,39.33,34.88
KAMATHOTEL,13.16,17.99
IFBAGRO,15.20,15.20
BANCOINDIA,20.25,20.80
MANINDS,24.30,24.30
APOLLOTYRE,16.72,15.15
SIYSIL,12.01,12.01
SHANTIGEAR,49.07,46.52
PRECWIRE,49.33,49.33
ONWARDTEC,14.49,13.76
NILKAMAL,21.19,19.71
NCC,12.06,11.65
ICIL,66.55,66.55
SEAMECLTD,15.00,15.00
ELGIEQUIP,43.41,42.36
AUROPHARMA,24.64,24.18
BBTC,4.18,4.32
EIHOTEL,27.49,26.91
KANORICHEM,5.83,5.83
LICHSGFIN,4.84,4.84
GICHSGFIN,5.20,5.20
BEPL,15.24,15.24
RAIN,12.26,12.26
BANARBEADS,39.99,39.99
MOREPENLAB,30.97,37.09
WSTCSTPAPR,25.21,25.21
VENKEYS,16.38,16.38
GHCL,7.77,8.43
S&SPOWER,37.79,37.79
PRUDMOULI,5.73,5.73
PRAJIND,246.39,64.74
BPL,,270.89
PGHH,34.83,34.83
VESUVIUS,37.75,37.75
TFCILTD,33.29,33.29
BOMDYEING,92.43,89.78
GTL,0.20,
NAVNETEDUL,9.00,51.20
GUJALKALI,75.36,75.36
AGI,12.69,12.56
GLAXO,40.91,41.51
TATACONSUM,65.69,65.12
ZEEL,32.77,31.95
CHOLAFIN,28.76,28.76
INDHOTEL,45.38,49.89
FMGOETZE,15.18,14.28
KOTAKBANK,19.31,19.57
ORIENTHOT,34.53,34.19
GILLETTE,37.53,37.53
GOLDENTOBC,6.12,6.94
KANSAINER,29.00,26.96
FOSECOIND,47.03,41.41
ESABINDIA,41.88,45.46
3MINDIA,77.64,92.27
ANDHRAPAP,43.68,43.68
GABRIEL,91.00,87.92
SCHAEFFLER,51.93,51.93
AARTIIND,34.26,34.84
RALLIS,19.53,
AMJLAND,10.59,10.59
PRAKASH,6.92,6.92
MFSL,496.55,496.55
KSB,55.87,52.41
KOPRAN,35.78,35.78
HEG,36.84,36.84
GREAVESCOT,227.92,259.01
GODFRYPHLP,26.11,26.11
VARDMNPOLY,37.73,37.73
SURYAROSNI,19.09,19.09
TATAINVEST,78.33,78.33
GLFL,576.69,576.69
TIMKEN,59.59,59.59
SUDARSCHEM,217.67,103.69
SHREECEM,57.88,57.88
SAKHTISUG,7.39,7.39
IPCALAB,37.17,35.28
INGERRAND,52.00,50.64
JSWDULUX,7.10,38.12
HINDALCO,17.23,14.79
HINDZINC,14.61,14.62
HINDUNILVR,32.64,32.36
GSFC,9.62,9.62
GRASIM,21.27,20.78
AMBUJACEM,20.91,18.03
FINPIPE,17.27,17.27
FINCABLES,22.17,26.59
EIDPARRY,10.44,6.42
DCW,28.61,28.61
DCM,53.32,53.32
CGPOWER,111.27,109.11
SUDARCOLOR,20.69,14.91
CESC,13.36,13.36
BIRLACORPN,12.64,12.51
BHEL,58.43,58.43
BHARATGEAR,11.01,11.01
BEL,47.47,47.47
BAJFINANCE,34.52,34.22
ASHAPURMIN,16.72,16.55
NAVA,16.21,16.21
CORALFINAC,9.13,9.13
GREENPLY,36.21,31.61
TNPL,4.39,4.39
AUTOAXLES,16.03,15.29
REMSONSIND,17.13,16.55
DALMIASUG,13.65,13.65
NATCOPHARM,11.52,11.52
KHAITANLTD,10.78,10.78
SWARAJENG,21.64,21.38
MRF,23.47,23.03
GARFIBRES,38.98,37.16
ANDHRSUGAR,13.55,12.07
TNPETRO,9.11,9.72
TTKPRESTIG,45.90,42.81
STARPAPER,7.26,7.26
SKFINDIA,28.24,25.98
AUSOMENT,9.67,9.67
EIMCOELECO,26.38,26.38
JAYAGROGN,12.37,12.37
CUBEXTUB,15.38,15.38
MARICO,57.20,57.20
SILINV,12.03,12.03
BIOFILCHEM,18.83,18.83
KEYFINSERV,21.10,20.56
ZENITHEXPO,46.48,46.48
SUNDRMBRAK,118.86,105.31
SANGAMIND,25.45,24.26
MOTHERSON,35.91,34.44
SOMATEX,34.83,84.26
VISAKAIND,8.69,11.00
AARTIDRUGS,19.62,19.46
STERTOOLS,34.54,63.77
CREST,21.76,21.76
INDIANCARD,35.16,28.12
HITECHGEAR,54.02,54.02
WENDT,95.14,95.14
DENORA,37.87,37.87
TVSSRICHAK,42.79,46.92
SHRIRAMFIN,23.72,23.72
PUNJABCHEM,20.82,20.32
DYNAMATECH,238.95,167.67
GUJAPOLLO,80.12,80.12
GANESHHOU,23.96,23.96
MMFL,29.71,29.70
JAGSNPHARM,34.51,33.38
ALKYLAMINE,43.65,43.65
BOSCH-HCIL,957.91,222.92
MPHASIS,24.20,23.88
GUJRAFFIA,20.60,20.60
RUCHINFRA,13.77,13.77
RAMCOIND,9.46,9.65
KOTHARIPET,12.14,12.11
HERITGFOOD,24.74,26.30
INDRAMEDCO,17.64,17.64
BANKBARODA,7.21,5.88
MADRASFERT,13.44,12.35
GAIL,11.75,11.75
INDNIPPON,23.45,26.21
SKMEGGPROD,11.21,11.21
BANKINDIA,5.51,5.51
CONCOR,31.26,31.26
ICICIBANK,18.65,18.65
KCPSUGIND,31.30,31.30
HUDCO,9.51,9.51
INDSWFTLAB,47.56,40.37
SAREGAMA,46.05,44.81
FDC,20.59,19.56
ENGINERSIN,19.70,19.70
ADROITINFO,14.90,14.90
JAICORPLTD,10.78,10.72
ANTGRAPHIC,9.48,9.48
GMDCLTD,19.84,32.95
INDUSINDBK,59.88,59.88
ASAHIINDIA,53.03,51.76
TRIGYN,84.91,53.17
J&KBANK,7.65,7.65
KOTHARIPRO,10.28,14.34
CUB,14.72,14.72
SOUTHBANK,8.22,8.22
ASTRAZEN,107.66,105.62
CEMPRO,35.58,35.58
AXISBANK,14.07,14.07
CYIENT,21.61,20.00
SONATSOFTW,20.10,18.39
NOIDATOLL,2.87,2.87
CYBERTECH,13.16,13.16
KOKUYOCMLN,40.95,40.95
DHANBANK,11.19,11.19
SANGHVIMOV,20.92,20.24
STCINDIA,35.35,15.16
MANUGRAPH,9.96,12.86
VIPCLOTHNG,19.88,19.88
NATIONALUM,10.37,10.37
IVC,53.07,53.07
JINDALSTEL,41.46,28.32
ALEMBICLTD,7.01,7.01
ICDSLTD,48.53,48.53
BSOFT,15.53,14.92
HCLTECH,20.78,19.96
ACCELYA,17.80,16.82
STAR,14.49,15.41
ZYDUSLIFE,21.57,20.13
GLENMARK,35.63,20.91
RAJESHEXPO,22.19,22.19
CINEVISTA,13.95,13.95
SHREERAMA,20.50,20.50
WOCKPHARMA,161.27,111.72
NRBBEARING,29.66,28.89
IOB,11.25,11.25
RAMCOSYS,56.70,20.30
GVPIL,19.34,17.50
BIL,80.78,80.78
KTKBANK,8.07,8.07
MAHLIFE,24.80,26.74
MUKTAARTS,,45.79
BLBLIMITED,2.55,2.55
AJANTPHARM,38.21,38.21
BLUESTARCO,63.46,61.24
CALSOFT,5.20,5.20
TVSMOTOR,57.72,57.19
PNBGILTS,14.44,14.75
PNC,,7.87
TAJGVK,5.44,15.10
NLCINDIA,11.18,11.18
REPRO,5.49,
CHENNPETRO,4.61,4.61
TTML,206.12,
KRBL,13.21,13.21
HAVELLS,49.45,48.46
GAEL,19.59,19.45
USHAMART,30.96,30.16
AXISCADES,96.28,88.77
UMIYA-MRO,19.64,19.64
TIPSMUSIC,38.98,38.98
STLTECH,134.05,139.55
HIKAL,,50.80
TRIDENT,32.10,32.10
MARKSANS,29.01,29.01
GOLDTECH,281.36,
SMARTLINK,13.27,13.27
GODREJCP,59.22,54.11
JISLJALEQS,,166.98
LUPIN,19.65,18.12
UNITDSPR,58.90,55.47
TCI,15.47,15.47
MPSLTD,25.10,25.78
BHARTIARTL,33.38,30.86
ASAL,27.12,26.17
OLECTRA,63.98,65.29
PONNIERODE,5.61,9.46
PNB,5.95,5.95
APTECHT,23.02,21.67
SURANAT&P,11.27,11.32
TEAMGTY,280.82,280.82
OFSS,29.94,29.94
UNIONBANK,6.75,6.75
NUCLEUS,17.45,16.09
CANBK,6.02,6.02
GENESYS,46.68,43.33
OMAXAUTO,10.16,10.16
GODREJIND,18.22,17.87
DIVISLAB,75.77,74.39
RADICO,85.12,84.26
INDORAMA,9.78,9.62
MARUTI,30.88,30.88
VARDHACRLC,8.77,8.77
UCOBANK,11.86,11.86
BAGFILMS,18.79,18.79
JSL,18.65,18.39
NSIL,51.75,51.74
WELSPUNLIV,70.67,68.51
JAIBALAJI,44.18,43.08
TVSELECT,752.16,473.86
IGL,14.00,14.00
DREDGECORP,77.90,77.90
TVTODAY,40.21,0.94
UNIENTER,32.70,32.70
UPL,20.81,20.04
MUKANDLTD,3.43,3.43
PETRONET,10.62,10.62
PTC,10.10,10.04
VAIBHAVGBL,14.25,14.26
BIOCON,170.88,70.60
MAHABANK,7.98,7.98
POONAWALLA,54.92,54.92
XPROINDIA,80.12,80.12
RKFORGE,119.38,104.42
DATAMATICS,23.25,19.74
CCL,34.92,34.92
EXCELINDUS,17.10,17.10
LT,28.48,26.76
APARINDS,54.83,53.74
AMBICAAGAR,12.37,12.37
CENTEXT,16.57,15.92
NIITLTD,144.99,76.17
ULTRACEMCO,41.51,41.07
TCS,17.15,15.91
COFORGE,40.88,37.37
TEXINFRA,154.10,154.10
GULFPETRO,6.86,6.50
GUFICBIO,63.15,63.15
ASTRAMICRO,88.67,88.67
WELENT,22.59,21.02
NTPC,11.81,11.81
KOTARISUG,32.69,
JBMA,63.92,62.31
DWARKESH,51.62,51.62
INDOCO,660.51,
SUPRAJIT,38.74,38.52
PATELENG,10.61,6.63
XCHANGING,12.79,12.79
JSWSTEEL,11.42,26.44
CONSOFINVT,17.94,17.94
JPPOWER,19.34,14.86
EVEREADY,15.14,
GOKEX,58.30,58.30
SAKSOFT,17.46,17.01
ALLDIGI,14.42,13.31
IIFL,11.49,11.49
WELCORP,20.70,20.70
SSWL,22.89,22.89
CYBERMEDIA,7.58,7.87
SHAHALLOYS,3.71,
SURYALAXMI,35.52,37.99
JKPAPER,21.30,20.65
PRIMESECU,206.75,56.78
GRANULES,31.38,32.04
JSWHL,97.62,96.39
VHL,4.53,4.53
GEOJITFSL,29.33,27.23
GENUSPOWER,15.90,15.90
YESBANK,18.86,18.86
MSPL,56.14,15.25
SPLIL,13.06,13.06
MCLEODRUSS,,20.61
SEMAC,13.24,13.24
GOLDIAM,33.20,33.20
RML,24.18,23.69
HTMEDIA,84.60,8.22
SASKEN,40.35,37.63
FCSSOFT,89.27,57.19
IMPAL,17.93,17.93
SUZLON,21.02,21.50
AURIONPRO,19.57,19.18
BASML,15.75,15.75
TRIVENI,18.52,17.99
AIAENG,35.27,35.20
NAHARINDUS,10.19,10.06
ORIENTCER,18.97,18.01
EKC,8.54,8.69
VIMTALABS,36.01,35.50
KERNEX,46.32,46.32
PVRINOX,25.45,22.85
NITINSPIN,18.12,18.12
ROHLTD,25.72,26.53
ENIL,,308.26
JAGRAN,7.39,7.39
SADBHAV,1.63,11.19
SAKUMA,26.86,26.86
KEC,21.00,19.44
JKCEMENT,44.64,43.09
INDOTECH,43.36,43.36
M&MFIN,16.58,16.06
BLKASHYAP,815.42,30.33
VISACHROME,0.53,
NITCO,85.62,75.13
CENTURYPLY,58.29,57.23
KEI,53.66,53.66
VAKRANGEE,64.63,64.74
SOLARINDS,96.36,96.33
GALLANTT,34.07,34.07
UTTAMSUGAR,9.66,9.56
KKCL,20.03,20.03
SUNTV,13.38,12.93
GPIL,20.55,20.20
RSYSTEMS,15.74,14.40
EMKAY,34.06,34.06
BALPHARMA,21.89,21.89
SWELECTES,17.46,16.94
KAMDHENU,11.54,11.54
RATNAMANI,31.09,30.65
PIONEEREMB,124.31,
JKLAKSHMI,19.13,18.28
PFOCUS,156.12,94.63
ALLCARGO,44.30,36.70
MUNJALAU,22.45,25.84
EMAMILTD,23.81,23.52
GMRAIRPORT,238.25,206.13
TECHM,30.98,29.90
GRINDWELL,53.32,53.32
VOLTAMP,45.34,45.34
ANTELOPUS,22.80,21.39
ACE,30.36,30.36
ANANTRAJ,39.89,39.89
TALBROAUTO,25.91,25.91
ALICON,35.68,33.53
GEECEE,15.98,16.30
JMFINANCIL,11.18,11.01
FIEMIND,25.53,25.53
DCBBANK,7.97,7.97
INSPIRISYS,9.45,8.99
GTLINFRA,1.46,
NAUKRI,45.61,46.61
VGL,25.78,25.78
GESHIP,5.15,5.15
TORNTPOWER,27.94,27.94
MANALIPETC,8.67,16.67
LTFOODS,22.74,22.74
DONEAR,10.12,10.12
RUCHIRA,12.22,12.22
SOBHA,62.87,62.87
VENUSREM,17.98,17.98
JINDRILL,8.47,8.34
HIRECT,115.52,112.73
NFL,16.82,16.82
PLASTIBLEN,12.02,12.02
PARACABLES,36.17,36.19
HBLENGINE,43.18,42.63
TANLA,15.15,15.15
AVTNPL,16.82,16.82
ZEEMEDIA,245.43,69.52
VEEDOL,13.55,13.55
LUMAXTECH,34.33,33.36
SARLAPOLY,498.63,12.32
PTL,11.57,11.57
WANBURY,14.49,13.77
AUTOIND,11.28,25.92
GANDHITUBE,15.88,15.70
PITTIENG,30.07,30.07
NETWORK18,,5520.55
UNOMINDA,57.19,56.31
IZMO,32.18,32.18
HUBTOWN,23.67,23.67
CTE,156.40,156.40
TIIL,20.39,20.39
ORIENTBELL,37.36,34.66
PGIL,33.78,33.45
REDINGTON,18.22,17.11
TTL,352.35,352.35
FSL,30.53,25.64
PFC,4.10,4.10
SMSPHARMA,32.67,32.67
INDIANB,9.25,9.25
ORIENTALTL,21.10,15.81
IDEA,3.96,
PAGEIND,58.48,56.58
LAOPALA,23.30,22.95
JKTYRE,15.35,12.42
ASTRAL,72.45,70.33
NAHARSPING,14.75,14.75
NAHARPOLY,8.17,8.17
THEMISMED,908.20,517.03
NCLIND,8.43,7.87
BALAMINES,32.30,32.30
BANSWRAS,11.40,10.18
ICRA,25.45,25.33
PHOENIXLTD,41.97,41.38
NDLVENTURE,474.89,474.89
ZENITHSTL,17.73,24.95
BFUTILITIE,7.17,7.17
FORTIS,64.90,63.82
SRHHYPOLTD,9.83,8.81
WEBELSOLAR,13.41,13.39
TGBHOTELS,18.65,18.65
HILTON,31.43,31.43
INSECTICID,13.58,13.58
KMSUGAR,4.89,4.89
NAVINFLUOR,56.17,55.78
TIMETECHNO,20.50,20.50
NAGREEKEXP,23.28,23.28
HGS,398.39,200.58
NELCAST,26.40,26.40
V2RETAIL,49.30,57.03
DLF,35.74,37.39
TARMAT,19.87,19.87
SPARC,4.53,4.50
SIGMAADV,46.16,44.94
ADSL,17.29,17.03
ALPA,9.71,9.71
CENTRALBK,6.25,6.25
ASIANTILES,169.21,169.21
TAKE,30.53,30.53
KPRMILL,42.84,42.84
CIEINDIA,17.23,17.23
PURVA,87.51,87.51
MOTILALOFS,26.54,26.54
INDOWIND,,198.61
NAGREEKCAP,3.85,3.85
KSCL,13.40,13.40
POWERGRID,15.84,15.84
SUPREMEINF,0.16,
MAANALU,59.28,59.28
IL&FSENGG,43.86,35.15
DELTACORP,19.92,19.34
BAJAJELEC,,64.22
ENERGYDEV,,14.66
CERA,39.85,39.33
RELIGARE,119.57,119.57
BVCL,321.11,321.11
ADANIPORTS,29.76,29.37
EDELWEISS,16.10,14.05
RGL,14.57,13.24
KAUSHALYA,103.90,103.90
COLPAL,40.93,40.31
JYOTHYLAB,22.69,22.69
MADHAV,82.14,82.14
KALYANIFRG,23.68,23.68
HITECHCORP,36.20,33.47
ECLERX,24.15,24.15
TARIL,33.05,33.05
BRIGADE,25.74,25.34
MANAKSIA,7.09,7.09
DVL,10.87,10.87
PATINTLOG,9.07,9.07
PPAP,10.22,477.61
ARIES,10.56,10.56
AMBIKCO,14.61,14.61
KAVDEFENCE,277.94,277.94
CEATLTD,25.79,23.46
BIRLAMONEY,13.91,13.32
RPOWER,,123.01
JKIL,9.77,9.56
CORDSCABLE,13.93,13.93
KNRCON,9.04,9.04
SEPC,23.46,22.99
BANG,6.88,5.30
IRB,25.23,24.13
NMDC,10.17,10.17
GSS,,16.32
NAHARCAP,3.85,3.85
RECLTD,5.94,5.93
VGUARD,38.60,37.05
NESCO,17.75,17.75
DPSCLTD,56.47,56.47
TITAGARH,68.42,68.43
KIRIINDUS,0.51,4.11
BAJAJFINSV,16.18,15.98
BAJAJ-AUTO,27.64,27.57
DIGISPICE,21.33,18.41
GOKUL,21.45,21.45
RPGLIFE,37.17,38.15
ALMONDZ,7.31,7.31
ARCHIDPLY,20.43,18.62
LOTUSEYE,3032.54,2907.08
VINYLINDIA,24.00,24.00
UBL,94.58,108.28
LPDC,57.64,57.64
ZFCVINDIA,58.82,58.14
20MICRONS,10.01,9.97
JOCIL,16.09,16.09
ALKALI,65.68,65.68
COUNCODOS,81.24,81.24
TPHQ,466.48,466.48
TATACAP,29.65,29.48
MAWANASUG,11.94,10.18
AJMERA,15.22,15.22
MHRIL,91.03,104.64
VINATIORGA,31.20,31.20
LANDSMILL,98.72,98.72
ADANIPOWER,27.62,27.62
NHPC,18.24,18.24
GLOBUSSPR,26.32,26.32
OIL,9.56,9.56
EXPLEOSOL,10.28,9.59
RTNPOWER,42.28,42.28
AMRUTANJAN,25.96,23.24
SUNTECK,21.03,21.03
ZYDUSWELL,89.85,71.51
DEN,8.91,8.91
SHILPAMED,48.60,53.76
SARDAEN,15.34,15.47
REFEX,16.53,16.53
GILLANDERS,19.97,19.97
AHLUCONT,20.89,21.00
DLINKINDIA,14.67,14.67
JSWENERGY,41.86,40.53
GODREJPROP,39.40,40.37
DBCORP,10.67,10.67
HINDCOPPER,57.48,57.48
BEARDSELL,9.41,9.41
MMTC,24.80,
NESTLEIND,77.67,79.90
TRF,,47.60
WHIRLPOOL,41.79,38.69
UNITEDTEA,11.90,11.90
JUBLFOOD,70.26,68.42
VASCONEQ,15.65,15.65
THANGAMAYL,40.89,40.71
EMMBI,20.97,18.96
DBREALTY,224.36,
HATHWAY,25.30,25.30
TEXMOPIPES,8.90,8.90
MANINFRA,21.12,21.12
LGBBROSLTD,15.21,15.16
PERSISTENT,44.78,43.28
ASIANHOTNR,,498.15
ISFT,9.66,9.66
KIRLOSBROS,41.24,37.90
KSL,14.94,14.60
SJVN,42.08,42.08
SUNDARAM,18.33,21.09
KIRLOSIND,11.11,10.87
MANAPPURAM,34.43,34.43
UMESLTD,33.63,32.22
TI,,53.48
HMVL,8.53,7.17
IMFA,15.53,15.53
BLISSGVS,38.93,38.47
AHLWEST,9.72,7.37
AHLEAST,,30.54
BAJAJCON,31.20,31.20
UGARSUGAR,17.84,17.84
PRAKASHSTL,82.83,82.83
GPPL,14.19,14.61
ADFFOODS,31.23,29.68
WELINV,219.37,219.37
WAAREEINDO,8.62,8.62
KILITCH,22.78,22.78
DEEPAKNTR,30.47,30.13
CPCAP,4.83,4.83
GREENPOWER,17.41,20.68
RAMKY,9.92,13.05
CANTABIL,19.59,19.59
WABAG,33.59,33.35
ASHOKA,1.31,14.04
BEDMUTHA,55.79,55.79
JWL,67.50,62.72
OBEROIRLTY,24.57,24.41
PRESTIGE,53.72,53.72
SHAH,25.21,25.21
CGCL,20.57,20.57
RESPONIND,30.79,30.69
COALINDIA,8.21,8.21
IOLCP,34.80,32.71
GRAVITA,32.40,32.40
JINDWORLD,45.53,46.06
PENIND,15.81,15.81
RPPINFRA,69.29,101.90
JAMNAAUTO,24.93,24.09
SUMEETINDS,45.86,44.60
MOIL,18.93,18.93
ZEELEARN,5.81,10.93
A2ZINFRA,56.72,49.58
KIRLOSENG,61.21,58.49
RKDL,334.56,37.10
PSB,12.29,12.29
FMNL,7.83,7.83
SURANASOL,21.23,21.23
SHEKHAWATI,5.45,5.45
BFINVEST,6.32,6.32
KICL,65.64,49.25
SUMMITSEC,13.76,13.76
STEL,51.82,51.82
TEXRAIL,20.57,20.32
HFCL,51.58,51.58
INDTERRAIN,363.90,158.99
DHUNINV,12.01,12.08
LOVABLE,34.07,34.07
PFS,8.32,8.24
MUTHOOTFIN,10.14,10.14
VADILALIND,33.96,33.96
SYMPHONY,,44.02
PIIND,32.12,34.32
RELAXO,59.09,59.09
OMINFRAL,42.00,42.00
VSTTILLERS,37.56,37.56
DELPHIFX,57.23,40.45
KARMAENG,43.04,106.27
ASHIANA,32.56,32.56
DHANUKA,17.07,17.07
MAITHANALL,6.39,6.39
RUSHIL,83.55,83.55
INVENTURE,30.67,35.73
LTF,24.81,24.66
WINDMACHIN,,732.34
IBULLSLTD,14.53,12.81
BODALCHEM,13.10,13.10
GAYAPROJ,0.45,10.19
ASAHISONG,12.88,12.88
FILATEX,19.01,19.01
BROOKS,7.20,7.20
TDPOWERSYS,80.33,80.33
APLLTD,23.79,22.08
VASWANI,40.12,40.12
PGEL,84.61,84.61
PANAMAPET,14.09,14.09
PAISALO,24.96,24.90
ONELIFECAP,22.85,22.85
SHAKTIPUMP,30.09,30.09
TRITURBINE,58.81,57.03
INDOTHAI,20.90,20.90
ESSARSHPNG,,64.96
DSSL,18.61,18.61
JISLDVREQS,6.18,0.96
POLYMED,54.02,53.20
RUPA,18.39,17.36
VIKASECO,38.72,38.72
APLAPOLLO,43.94,43.94
KANANIIND,11.60,11.60
MINDACORP,47.85,47.80
THOMASCOTT,24.48,23.23
DBSTOCKBRO,36.71,36.71
IRFC,16.23,16.23
COMPUSOFT,35.66,
RHIM,,44.61
SCHNEIDER,150.19,145.45
NDL,10.05,10.05
NBCC,35.00,38.02
TBZ,8.94,8.94
VSSL,22.52,22.52
SWANCORP,35.92,35.92
SPECIALITY,33.15,29.18
CINELINE,24.96,20.22
SAMPANN,19.16,19.16
PROZONER,36.04,36.04
THEJO,47.95,46.20
MAYURUNIQ,16.23,16.23
ROSSELLIND,13.06,12.89
DUCON,9.18,9.18
TVSHLTD,7.76,7.69
ZUARI,0.98,4.95
VETO,9.56,9.56
CARERATING,29.97,29.97
PCJEWELLER,13.16,13.14
INDUSTOWER,14.14,14.14
VMART,47.05,46.87
REPCOHOME,5.15,5.15
JUSTDIAL,11.51,11.10
ATULAUTO,37.20,36.30
ORIENTCEM,13.56,13.35
ESSENTIA,629.45,629.45
PILITA,63.76,63.76
AURUS,7.77,7.77
MITCON,14.53,14.53
ORBTEXP,20.32,20.32
JPOLYINVST,1.31,1.31
SREEL,17.35,17.32
NATHBIOGEN,8.35,9.62
CASTROLIND,18.08,17.81
SDBL,148.75,77.48
IREDA,17.30,17.30
BUTTERFLY,25.34,24.74
WONDERLA,30.23,29.18
AGARIND,18.00,18.00
HATSUN,58.23,58.23
CAPLIPOINT,30.25,30.25
GOCLCORP,1.34,1.35
GULFOILLUB,16.11,15.46
SNOWMAN,128.19,59.60
SHARDACROP,11.85,11.85
SUPERHOUSE,44.57,44.57
PDSL,28.51,28.51
INTELLECT,28.81,27.50
MONTECARLO,9.86,9.86
GOODLUCK,24.32,24.32
FCL,32.81,32.81
CAMLINFINE,104.30,45.39
GULPOLY,8.75,8.75
APOLSINHOT,33.50,33.74
CCHHL,,26.21
LAMBODHARA,10.78,10.78
GRPLTD,192.04,156.05
GENUSPAPER,24.39,24.39
MOLDTKPAC,29.87,29.87
GREENLAM,124.41,132.36
VISHNU,26.75,26.75
GANECOS,51.04,51.04
LINC,18.90,18.90
MENONBE,29.32,29.32
HESTERBIO,15.27,39.08
JMA,6.60,6.60
MANAKALUCO,33.27,33.27
MANAKSTEEL,14.47,14.47
MANAKCOAT,29.77,29.77
ZENTEC,79.62,79.01
IMAGICAA,4543.61,6518.38
INOXWIND,30.01,30.01
LFIC,38.71,38.71
BYKE,26.60,26.60
AVANTIFEED,18.50,18.26
VRLLOG,18.63,18.63
PRIVISCL,41.80,41.80
BCG,1.94,1.94
UFO,10.96,10.96
TPLPLASTEH,20.39,20.39
NILAINFRA,12.01,12.01
ARROWGREEN,23.75,23.75
PNCINFRA,7.40,14.71
SKIPPER,27.89,26.88
ALANKIT,10.51,10.51
ORICONENT,33.96,39.44
ADANIENSOL,64.11,64.60
SYNGENE,73.02,57.02
AYMSYNTEX,226.00,226.00
EMKAYTOOLS,12.02,12.02
RAMASTEEL,67.63,67.63
AURUM,30.38,30.38
MUTHOOTCAP,18.11,16.92
SATIN,6.28,6.28
ARVSMART,26.76,26.76
POWERMECH,20.10,20.10
SHARDAMOTR,15.53,16.21
NAVKARCORP,37.99,37.99
SHREEPUSHK,19.59,19.59
GUJENERGY,25.20,22.03
SADBHIN,2.05,0.59
IDFCFIRSTB,31.91,31.91
COFFEEDAY,3.76,
SHK,26.44,54.34
PERFECT,5.65,5.65
BALAXI,55.11,55.11
LUXIND,35.90,34.59
TTKHLTCARE,20.90,20.19
SALZERELEC,20.26,20.26
PILANIINVS,153.84,153.84
KRIDHANINF,11.84,25.78
LINCOLN,13.81,13.81
LALPATHLAB,59.16,57.02
ALKEM,28.47,27.01
NH,47.18,44.93
PRECAM,26.78,31.52
TEAMLEASE,13.94,13.48
HITECH,22.66,22.66
VIDHIING,30.21,30.21
BHAGERIA,13.38,13.38
NECCLTD,19.82,19.82
KELLTONTEC,8.26,8.26
VIYASH,78.33,56.55
GOKULAGRO,15.76,15.76
KDDL,30.34,29.98
PDMJEPAPER,9.96,9.96
HCG,304.57,64.32
HECPROJECT,11.35,11.35
WEALTH,25.77,25.77
BHARATWIRE,19.48,19.48
CCAVENUE,20.26,20.07
THYROCARE,54.12,52.79
CROMPTON,,27.49
SAGARDEEP,16.02,17.48
PARAGMILK,21.92,20.99
SHRIPISTON,33.16,32.04
UNITEDPOLY,26.10,26.10
ARMANFIN,37.74,37.74
ALBERTDAVD,18.48,18.48
BLS,14.45,14.45
ASPINWALL,12.03,14.84
SALONA,79.60,79.60
PREMEXPLN,77.99,71.70
CONTROLPR,23.08,23.12
INCREDIBLE,13.42,13.42
MAHASTEEL,175.34,185.13
DAMODARIND,12.36,12.36
MGL,15.53,15.53
MOLDTECH,31.07,31.07
POKARNA,37.20,37.20
COMPINFO,0.28,0.28
GPTINFRA,15.53,15.53
QUESS,18.59,18.17
GROBTEA,18.17,16.63
KKVAPOW,8.57,8.57
SOMICONVEY,21.41,21.41
LLOYDSENGG,54.86,54.86
LTM,25.85,24.09
GATECH,8.21,8.21
MINDTECK,19.92,18.78
ADVENZYMES,21.27,22.44
DBL,5.29,11.92
SPAL,25.26,24.62
RBLBANK,67.52,67.52
MBAPL,45.36,45.36
CUPID,326.26,326.26
LTTS,28.53,27.44
GNA,17.21,17.21
CROWN,14.65,14.65
ICICIPRULI,43.45,43.45
MARATHON,12.60,12.51
HPL,24.27,23.26
JAIPURKURT,25.52,25.52
MASKINVEST,786.15,786.15
GRETEX,337.27,337.27
SAKAR,56.69,56.69
PANSARI,28.03,28.03
DIRL,9.37,9.37
ARTNIRMAN,200.41,200.41
ENDURANCE,42.53,41.88
MAZDA,16.62,16.62
PNBHOUSING,12.94,12.94
VBL,44.05,44.05
KINGFA,39.09,39.09
AGROPHOS,8.15,8.57
PODDARMENT,18.47,18.47
ROLLT,4.48,
NBIFIN,51.30,51.30
KIOCL,1446.76,1446.76
JETFREIGHT,15.63,15.63
SFL,35.14,38.13
TCIEXP,27.00,26.52
LAURUSLABS,90.66,90.66
TERASOFT,21.39,21.39
ITDC,73.74,73.74
HISARMETAL,23.68,23.68
RHFL,3.83,32.12
LIBAS,123.88,9.81
SPCENET,11.88,11.88
MAHESHWARI,12.64,12.64
BHANDARI,15.91,15.91
BSE,49.65,49.65
MCL,34.71,34.71
PRICOLLTD,34.64,34.64
STEELCITY,7.52,7.52
KRISHANA,28.20,28.20
GLOBAL,19.30,19.30
NITIRAJ,204.24,204.24
AKASH,68.51,45.99
DMART,83.86,83.86
TASTYBITE,66.69,66.07
INTENTECH,,12.44
AIRAN,15.47,14.80
ARIHANTSUP,25.11,25.11
URJA,354.41,354.41
EIFFL,135.06,137.20
NRAIL,14.29,13.13
SHANKARA,68.93,65.34
NACLIND,337.33,139.93
CNL,22.22,22.22
WIPL,314.97,314.97
FOCUS,90.41,87.98
DEVIT,2.02,
SIKKO,50.57,50.57
MKPL,22.76,22.76
DOLLAR,14.93,15.17
PANACHE,42.88,37.03
INFOBEAN,19.28,19.28
SCHAND,6.90,6.61
BHAGYANGR,19.45,19.45
PSPPROJECT,52.58,52.58
STARCEMENT,21.48,20.99
GLOBE,10.00,10.00
ERIS,28.79,28.15
CDSL,59.14,59.14
GTPL,105.07,100.19
AUBANK,28.54,28.54
SHRENIK,303.77,303.77
DYNPRO,16.24,16.24
STEELXIND,45.94,45.94
SALASAR,58.41,58.41
UNIVASTU,20.07,20.07
AVADHSUGAR,18.30,17.71
PALASHSECU,7.44,7.44
MAGADSUGAR,14.28,14.06
GANGESSECU,44.20,44.20
THEINVEST,15.21,15.54
TOTAL,12.08,12.08
OPTIEMUS,70.94,70.94
WEWIN,10.46,10.46
SIS,42.04,12.63
COCHINSHIP,54.71,54.71
HALEOSLABS,28.51,28.51
VAISHALI,25.00,25.00
LEXUS,29.52,
GEEKAYWIRE,8.21,8.21
SERVOTECH,54.68,54.68
ABCAPITAL,27.22,26.98
APEX,30.18,31.72
PASHUPATI,85.30,85.30
DIXON,41.70,41.70
DCAL,31.32,30.73
MATRIMONY,27.10,27.10
CHOLAHLDNG,5.64,5.64
CAPACITE,9.90,9.90
ICICIGI,34.10,34.10
WORTHPERI,12.14,12.06
SBILIFE,71.80,71.80
RMDRIP,21.86,21.86
DPWIRES,14.68,14.68
AARVI,13.13,12.85
DIAMONDYD,242.55,220.94
TIRUPATI,121.07,121.07
AIROLAM,25.96,25.96
RKEC,4.49,4.49
GATECHDVR,1.10,1.10
GOLDSTAR,12.97,12.97
JASH,41.26,41.28
RELIABLE,17.93,17.76
TIRUPATIFL,145.88,145.88
OMFURN,11.68,11.68
GODREJAGRO,24.71,23.49
TCPLPACK,29.14,26.54
MASFIN,14.08,13.96
IEX,22.66,22.66
DPABHUSHAN,13.88,13.88
GICRE,6.50,6.50
TIINDIA,47.67,46.09
NAM-INDIA,46.86,46.86
MAHLOG,85.84,82.85
NIACL,41.11,41.11
IFGLEXPOR,46.83,37.06
KHADIM,57.55,29.91
5PAISA,38.83,38.83
HDFCLIFE,59.67,59.67
VERTOZ,11.66,11.66
SILVERTUC,58.87,58.87
ZODIAC,18.29,18.29
FELIX,17.74,17.74
ICEMAKE,107.74,107.74
SHRADHA,9.22,9.22
INNOVANA,18.74,18.74
SHALBY,50.49,50.49
TOUCHWOOD,18.44,18.44
ONEPOINT,39.30,38.37
SHIVATEX,22.21,22.21
AJOONI,15.63,15.63
MOKSH,9.98,9.98
BCONCEPTS,193.24,116.00
APOLLO,139.79,139.79
NEWGEN,24.64,22.55
AMBER,115.64,162.31
SOLEX,13.52,13.58
GALAXYSURF,26.26,25.31
SINTERCOM,163.25,163.25
SOUTHWEST,17.35,18.12
SHIVAMILLS,16.03,16.03
ARVEE,67.92,67.92
ASTERDM,120.59,105.39
BANKA,242.43,138.49
GMMPFAUDLR,64.85,36.28
HGINFRA,10.91,11.98
HINDCON,37.96,37.96
SARVESHWAR,12.83,12.83
MACPOWER,40.66,40.66
TARACHAND,17.17,17.00
BDL,113.28,113.28
MDL,26.04,25.54
TSFINV,19.57,19.57
BANDHANBNK,20.79,20.79
HAL,36.10,36.10
URAVIDEF,60.86,60.86
MITTAL,17.64,25.96
SANDHAR,19.89,20.29
GIRIRAJ,8.76,8.76
KAPSTON,55.77,55.77
MIDHANI,61.88,61.88
LEMONTREE,30.99,28.10
AVG,14.47,14.47
MMP,34.82,20.29
NARMADA,27.24,27.24
PIGL,14.95,14.88
BSHSL,34.12,34.12
MAHICKRA,52.16,52.16
AAKASH,26.01,26.01
SOFTTECH,108.64,104.20
ORIENTELEC,34.63,31.89
E2E,399.61,399.61
BORORENEW,18.71,19.05
SIRCA,38.13,38.13
LATTEYS,33.00,32.53
SONAMLTD,24.30,24.30
ADANIGREEN,105.27,96.29
OSWALSEEDS,13.27,13.27
PRITI,54.95,54.95
ACCURACY,19.05,19.05
SOLARA,,572.05
FINEORG,36.68,37.15
RITES,24.10,24.10
VARROC,56.33,32.21
AVROIND,26.59,26.59
HDFCAMC,36.92,36.92
TEMBO,1.21,1.25
CREDITACC,20.48,20.48
AARON,41.47,41.47
SIGIND,12.76,11.52
SUMIT,41.16,41.16
LAGNAM,8.16,8.16
RPPL,9.22,9.22
AKG,76.04,76.04
IRCON,20.99,20.99
AHLADA,272.11,272.11
SPECTRUM,80.53,80.53
AAVAS,15.89,15.89
KSHITIJPOL,6.80,6.80
GRSE,37.19,37.19
KRITIKA,23.82,19.70
PARIN,124.76,124.76
SILGO,47.86,47.52
VINNY,53.96,53.96
BBTCL,23.10,23.10
MARINE,76.84,75.48
IRISDOREME,58.50,58.50
ATGL,114.86,114.86
TECHNOE,24.35,24.35
UNIPARTS,19.56,19.29
SHRIRAMPPS,14.38,14.38
TREJHARA,31.13,30.42
NILASPACES,15.21,15.21
AWHCL,13.18,13.18
DALBHARAT,35.87,29.24
RPSGVENT,1835.80,56.75
SURANI,66.48,246.98
CHALET,35.80,35.29
MSTCLTD,19.51,19.51
OSIAHYPER,2.71,2.71
ANUP,47.14,46.51
ARVINDFASN,32.94,30.19
PAR,9.47,9.47
RVNL,56.28,56.28
POLYCAB,48.30,48.30
METROPOLIS,57.72,55.82
KPITTECH,29.35,27.36
SWSOLAR,,17.90
NEOGEN,156.43,156.43
VIKASLIFE,,10.19
EMAMIPAP,7.24,7.19
VCL,4.26,4.26
CONFIPET,27.32,27.32
PPL,14.51,14.51
DGCONTENT,121.13,8.51
INDIAMART,21.50,21.50
ATMASTCO,19.21,14.44
ABINFRA,33.06,33.05
OAL,240.96,240.96
DCMNVL,183.11,37.69
SATIA,15.59,11.97
WEL,176.88,176.88
AFFLE,52.30,52.30
CHEMCON,25.04,25.04
WESTLIFE,284.24,
DOLATALGO,9.16,9.16
HNDFDS,44.76,43.75
UJJIVANSFB,15.48,15.48
MAZDOCK,35.76,35.76
IRCTC,29.88,30.14
SAFARI,44.25,44.25
DCI,27.13,27.13
360ONE,38.24,38.24
IIFLCAPS,18.45,18.45
HPIL,53.60,53.60
SAMHI,6.84,8.42
SHIVAUM,29.54,29.54
FLUOROCHEM,87.04,85.12
KUANTUM,16.77,16.77
CHEMBOND,16.44,15.91
MGEL,10.48,13.66
ROUTE,12.60,
SBICARD,27.61,27.61
HOMEFIRST,21.42,21.42
SIGMA,15.57,15.57
CSBBANK,8.46,8.46
EQUITASBNK,17.05,17.05
ROSSARI,19.33,19.33
HINDWAREAP,,118.90
PRINCEPIPE,29.70,29.16
LIKHITHA,22.52,22.52
PARKHOTELS,47.84,46.26
ARTEMISMED,43.30,42.40
PATANJALI,21.29,19.93
SUMICHEM,45.25,45.88
LGHL,346.14,400.14
ATALREAL,66.11,66.11
ASALCBR,18.64,18.64
MAHEPC,31.46,26.43
COHANCE,286.88,279.99
POWERINDIA,143.94,138.22
STOVEKRAFT,54.50,54.50
BHARTIHEXA,41.52,40.94
KSOLVES,18.09,18.09
RAJRATAN,33.28,33.28
HAPPSTMNDS,27.72,26.37
AARTISURF,25.38,25.38
GLAND,41.88,41.20
BOROLTD,39.72,38.19
NDRAUTO,31.19,30.94
MAXHEALTH,72.36,70.31
PAVNAIND,49.46,31.80
AAATECH,57.77,57.77
KALYANKJIL,43.04,42.21
BTML,15.30,15.39
SHAREINDIA,10.37,10.37
UNIDT,25.46,25.46
SIGACHI,,27.54
ANGELONE,26.30,26.30
ADL,19509.71,231.61
NIRAJ,8.33,8.33
VALIANTORG,23.51,28.40
CAMS,40.41,40.41
SURYODAY,9.01,9.01
ROML,14.49,14.49
UTIAMC,22.58,19.43
RAILTEL,26.98,25.16
BECTORFOOD,45.87,45.87
KHAICHEM,9.60,9.60
ORCHPHARMA,248.58,187.89
SUBEXLTD,26.52,24.52
NURECA,74.49,74.49
INDIGOPNTS,36.50,35.45
LXCHEM,39.63,39.63
TARC,210.12,210.12
RVHL,5.69,5.69
MTARTECH,160.41,157.25
ANURAS,62.15,62.15
KANPRPLA,11.23,11.23
ISGEC,21.22,20.35
RUBFILA,14.88,14.88
STYLAMIND,35.88,35.88
PAKKA,44.53,44.53
CLSEL,11.69,11.69
PARTYCRUS,8.40,8.40
CARYSIL,34.89,34.60
MANCREDIT,29.63,29.63
SHAILY,91.13,91.13
MODISONLTD,12.52,11.53
FIBERWEB,8.40,8.40
BCLIND,8.58,8.58
BHAGCHEM,129.75,129.75
SBCL,41.67,41.47
AADHARHFC,19.74,19.52
SMCGLOBAL,15.34,15.34
NPST,77.23,77.23
SVPGLOB,1.06,
ARIHANTCAP,20.52,20.51
NAZARA,,15.56
IPL,15.57,15.57
GENCON,26.39,26.39
LODHA,29.38,29.38
HLEGLAS,55.79,51.27
BESTAGRO,24.25,24.25
VMARCIND,48.17,48.17
SONACOMS,71.99,68.86
DRCSYSTEMS,9.66,9.30
PARAS,118.61,121.65
CRAFTSMAN,59.38,58.91
DODLA,25.77,25.57
EXXARO,68.52,68.52
JUBLINGREA,39.07,37.91
ROLEXRINGS,26.36,1.40
SHYAMMETL,25.30,25.30
KIMS,174.70,171.34
JSFB,15.62,15.62
TATVA,78.81,76.93
CLEAN,35.21,35.21
ALIVUS,26.97,26.16
ABSLAMC,29.40,29.34
DEEPINDS,17.87,13.80
ETERNAL,704.83,704.83
BEWLTD,19.00,19.00
PIXTRANS,21.65,21.65
MEDIASSIST,30.71,30.80
WINDLAS,27.13,27.13
CARTRADE,53.22,51.48
KRSNAA,17.91,17.91
EQUIPPP,133.23,133.23
APTUS,13.26,13.26
SUPRIYA,34.29,34.23
ANMOL,5.07,5.07
ABCOTS,33.86,33.86
VIJAYA,75.25,75.25
ACUTAAS,68.92,68.92
MOL,20.69,20.69
SUYOG,16.02,16.02
SANSERA,72.31,69.65
BAJAJHCARE,62.86,21.78
PRITIKAUTO,13.29,13.29
NIVABUPA,123.27,123.27
MOBIKWIK,,543.30
AAREYDRUGS,51.29,51.29
GRINFRA,8.48,9.23
INTLCONV,7.01,7.01
DUGLOBAL,34.65,34.65
PAYTM,142.35,121.14
STEELCAS,37.69,37.69
HPAL,46.29,43.00
UGROCAP,7.16,7.16
STARHEALTH,60.62,60.62
KPIGREEN,14.57,14.62
YUKEN,75.84,75.84
SGIL,199.31,202.73
ANANDRATHI,73.72,73.72
SJS,36.90,40.71
FINOPB,25.33,23.37
POLICYBZR,98.86,98.86
NYKAA,366.73,349.42
AWL,22.15,21.78
MONARCH,17.01,17.01
SAPPHIRE,,321.09
PRUDENT,55.20,55.20
EPIGRAL,17.44,17.44
NUVOCO,32.63,30.03
GOCOLORS,32.30,32.30
NGIL,41.21,41.21
IXIGO,103.01,100.60
CMSINFO,14.64,14.34
FUSION,250.98,250.98
COASTCORP,9.36,9.36
TARSONS,117.95,112.63
MEDPLUS,39.40,39.40
TEGA,83.38,83.38
RATEGAIN,46.17,43.32
MANORG,18.92,16.42
LATENTVIEW,31.02,31.02
METROBRAND,77.73,77.73
EMCURE,36.05,35.40
PASUPTAC,7.61,7.56
FOODSIN,14.08,14.08
PARADEEP,14.34,14.16
JAINAM,42.95,42.95
MAPMYINDIA,42.50,42.50
3IINFOLTD,15.52,13.93
TMB,9.58,9.58
KRITI,323.39,75.75
DYNAMIC,6.93,6.93
MANYAVAR,31.50,31.50
GANESHBE,11.78,12.96
DMCC,25.44,25.44
MEDICAMEQ,32.90,32.90
FOCE,43.55,43.55
EMIL,53.79,56.38
SHIVALIK,22.77,22.77
GODAVARIB,5800.17,41.53
UMAEXPORTS,80.52,80.52
WAAREEENER,19.12,18.13
DATAPATTNS,91.78,91.03
JSLL,33.88,33.88
COOLCAPS,30.79,30.79
MEDANTA,70.31,68.24
AFSL,9.73,9.73
MALLCOM,23.68,23.68
NIDAN,12.23,11.28
IRIS,4.25,4.25
ASIANENE,36.10,30.42
SMLT,20.33,20.33
RADIANTCMS,14.81,14.85
GPTHEALTH,28.65,28.65
CHOICEIN,78.03,78.03
EUROBOND,14.90,14.90
HARIOMPIPE,16.23,16.23
GRWRHITECH,43.96,43.96
CAPITALSFB,8.93,8.93
DELHIVERY,227.65,194.79
DCMSRIND,9.03,9.03
VERANDA,19.16,50.97
RAJRILTD,35.38,35.38
EMUDHRA,38.25,38.25
DYCL,21.52,21.52
FIVESTAR,14.79,14.79
STARTECK,10.80,10.80
SBC,57.26,57.26
ELDEHSG,29.11,29.11
ELIN,,29.38
ANUHPHR,19.37,19.37
SHIGAN,19.27,19.27
TIMESCAN,4.75,4.75
MADHAVBAUG,22.23,22.23
SEJALLTD,25.82,25.82
MHLXMIRU,7.62,7.62
RELCHEMQ,18.64,18.64
GATEWAY,11.42,11.39
SYRMA,68.09,67.48
ZIMLAB,167.18,167.18
JTLIND,24.77,24.77
CAMPUS,43.46,43.46
RAINBOW,55.05,54.84
TBOTEK,66.59,65.47
VENUSPIPES,32.30,32.18
AETHER,89.40,87.47
ROTO,52.76,52.76
MEGASTAR,39.43,39.43
SANATHAN,65.96,65.96
INDOBORAX,26.19,30.67
LANDMARK,59.55,56.44
RACE,24.69,39.93
AVONMORE,9.93,9.93
ETHOSLTD,71.45,70.59
DREAMFOLKS,32.38,32.38
SONUINFRA,3.60,3.60
MSUMI,43.35,43.35
DHARMAJ,16.38,16.38
HARSHA,24.93,24.93
KRISHIVAL,39.18,39.18
GMRP&UI,12.45,
KCK,242.98,242.98
LICI,8.16,8.16
INDOAMIN,12.09,12.09
TVSSCS,49.91,122.40
SWARAJ,22.96,22.96
INOXGREEN,68.28,68.28
FEDFINA,14.93,14.93
ACI,66.86,66.86
BIKAJI,61.30,60.58
RITCO,27.44,27.44
SURAJEST,10.80,10.80
VEEKAYEM,7.21,7.21
SKP,303.30,303.30
RILINFRA,6.93,6.93
HARDWYN,58.24,58.24
CHEVIOT,10.09,10.09
MUKKA,12.14,12.14
HMAAGRO,6.34,6.34
VIKRAMSOLR,17.67,17.47
MWL,24.56,24.56
MEDICO,30.19,30.19
CMRSL,5.08,4.80
KFINTECH,47.05,45.87
YATHARTH,49.08,49.08
YATRA,36.94,34.54
KAYNES,70.56,70.25
NGLFINE,44.09,44.09
SABAR,50.85,50.85
JFLLIFE,35.22,35.22
FIDEL,13.75,13.47
AXITA,172.53,172.53
PLAZACABLE,28.42,28.42
SENCO,11.18,11.18
USASEEDS,11.98,11.98
RADHIKAJWE,11.02,11.02
SPLPETRO,27.22,26.78
RAMRAT,34.11,33.38
CSLFINANCE,5.64,5.63
KORE,20.93,20.93
GOYALALUM,21.03,21.03
RUSTOMJEE,37.00,37.00
GENSOL,0.89,0.89
DBOL,8.77,8.77
KANDARP,47.69,47.69
SPORTKING,16.25,16.25
ALLETEC,10.26,9.88
AIIL,24.17,24.17
ABDL,80.70,79.91
MANORAMA,45.57,45.57
ISHAN,27.15,27.48
ARABIAN,9.07,9.07
INNOVACAP,38.74,38.74
GRMOVER,25.02,25.02
SYNCOMF,16.21,16.21
CEWATER,39.25,34.59
DJML,33.43,33.43
BAHETI,29.47,29.47
SULA,57.12,54.58
SIGNATURE,10.99,
ANNAPURNA,10.32,10.26
KRITINUT,13.91,13.91
KALAMANDIR,9.91,9.91
RAMAPHO,8.20,8.20
AVALON,88.74,88.74
RITEZONE,24.73,24.73
CONCORDBIO,52.71,52.23
GODIGIT,50.72,50.72
GRCL,52.56,52.56
BAIDFIN,10.45,10.45
PHANTOMFX,8.06,8.06
KAMOPAINTS,743.80,743.80
DOLLEX,14.71,14.71
BLUEJET,47.37,47.37
MVGJL,7.04,6.98
JIWANRAM,12.09,12.09
UYFINCORP,7.57,7.57
SCPL,35.62,35.62
SUKHJITS,14.74,14.74
ARHAM,32.99,32.99
MANKIND,48.35,46.32
SKYGOLD,37.98,37.98
AEROENTER,17.28,17.13
DIVGIITTS,64.43,64.43
EIEL,20.08,19.40
PRITIKA,23.08,23.08
USK,76.68,76.68
ANLON,32.47,32.47
MOTISONS,24.77,24.68
SRIVASAVI,20.73,20.73
DIACABS,131.89,131.89
IKIO,37.50,37.50
MANOMAY,19.89,19.89
FAZE3Q,39.16,39.16
UMA,9.39,9.39
NSLNISP,223.64,223.64
RBMINFRA,6.23,6.23
LLOYDSME,30.27,30.27
AARTIPHARM,33.66,33.24
RHL,12.43,12.43
SAHYADRI,12.53,12.36
SAHANA,11.58,11.58
NINSYS,42.65,42.65
DUCOL,26.69,26.69
SBFC,21.98,21.98
SBGLP,11.61,11.61
ASMS,36.72,36.93
HYBRIDFIN,20.24,20.24
SHERA,11.09,11.09
VIAZ,16.50,16.50
INDGN,33.07,31.80
ZAGGLE,19.97,19.97
GANDHAR,7.50,7.50
MCON,9.88,9.88
HONASA,75.83,74.42
RISHABH,37.69,37.71
IRMENERGY,16.46,16.46
AERONEU,215.24,70.37
DENEERS,6.26,6.26
JGCHEM,30.79,30.79
CYIENTDLM,64.05,64.05
AGUL,386.09,386.09
NIRMAN,1.66,1.66
AKI,17.18,17.18
MASTER,25.53,25.53
RPTECH,17.54,17.54
LORDSCHLO,12.56,12.56
SYSTANGO,9.75,9.75
RATNAVEER,21.73,21.73
MOS,12.44,12.44
SECMARK,51.27,51.27
AUROIMPEX,7.67,7.67
SPECTSTM,11.75,11.75
ATAM,30.63,30.63
AFIL,8.73,8.73
CRAYONS,17.64,17.64
SHRITECH,7.50,7.50
INFOLLION,12.04,12.04
LAL,34.92,34.92
URBAN,8.43,8.43
INFINIUM,26.93,26.93
AARTECH,37.81,32.54
POCL,26.09,25.99
KRISHCA,22.71,22.71
ESFL,12.31,12.31
DOLPHIN,22.54,22.54
TATATECH,58.43,112.79
REMUS,20.69,20.69
NOVAAGRI,16.62,16.62
REDTAPE,31.45,31.45
ASHOKAMET,3.27,3.27
SICALLOG,16.81,
YUDIZ,,43.68
CELLPOINT,528.84,528.84
SEL,14.22,14.22
PROV,41.85,41.85
PTCIL,268.99,268.99
KDL,3.42,3.42
NETWEB,105.20,105.20
PYRAMID,22.79,22.79
VILINBIO,33.80,33.80
MAGSON,328.64,328.64
AEROFLEX,86.41,86.41
EMSLIMITED,24.73,24.73
EFACTOR,12.36,12.36
GHCLTEXTIL,11.92,11.92
MONOPHARMA,41.15,41.15
UDS,15.12,14.44
DENTALKART,67.29,67.29
CLSL,17.95,18.09
SSFL,12.79,12.79
KIRLPNU,36.05,34.90
ATL,14.58,14.36
BALUFORGE,21.50,21.50
RRKABEL,51.46,51.14
COMMITTED,26.29,26.29
JSWINFRA,50.37,48.26
SANGANI,20.70,20.70
JLHL,56.19,54.82
SCILAL,67.24,67.24
NUVAMA,27.98,27.98
DRONE,82.34,82.34
GLOBALPET,36.04,37.26
YASHO,87.11,87.11
SERVICE,16.20,16.20
VISDEM,11.15,11.15
PRAMARA,16.76,16.76
NIITMTS,13.12,14.61
VINSYS,28.27,28.27
RACLGEAR,35.52,35.39
WCIL,23.61,23.61
ARVINDPORT,46.32,46.32
SINDHUTRAD,64.93,69.86
UNIHEALTH,27.04,27.04
ORIANA,11.87,11.87
ASKAUTOLTD,42.30,42.30
CHAVDA,22.08,22.08
ONDOOR,16.24,16.24
BAWEJA,7.90,7.90
TRANSTEEL,11.86,11.86
SANDUMA,14.46,13.99
PLADAINFO,4.91,4.91
LLOYDSENT,29.05,28.85
OLIL,100.47,100.47
SUNREST,4.07,4.07
RBZJEWEL,11.02,11.02
MASTERTR,7.38,7.38
KODYTECH,116.94,116.94
KARNIKA,40.06,40.06
AKANKSHA,37.10,37.27
SCML,14.32,14.32
SAAKSHI,41.96,41.96
MUFIN,99.04,99.04
MAL,5.35,5.35
HIGREEN,101.18,
PLATIND,24.24,24.07
MUFTI,12.06,11.80
FLAIR,18.68,18.68
BASILIC,10.97,10.13
CELLECOR,17.65,17.65
MUTHOOTMF,15.42,15.42
SRGHFL,13.41,13.41
INDIFRA,584.67,584.67
JIOFIN,84.07,84.07
MCLOUD,14.85,14.70
CPS,1939.45,1939.45
MADHUSUDAN,19.51,19.51
GOYALSALT,18.01,18.01
TICL,20.80,20.80
WOMANCART,10.56,10.56
RCDL,5.92,5.92
BLSE,41.01,41.01
HOLMARC,27.18,26.74
SHANTHALA,9.40,9.40
TREL,16.37,17.68
VISHNUINFR,13.39,13.39
KONTOR,14.18,14.18
RKSWAMY,23.91,22.16
INSPIRE,33.01,33.01
EPACK,672.13,672.13
HAPPYFORGE,53.91,53.91
IBLFL,61.82,61.82
INDIASHLTR,15.19,15.19
CELLO,25.27,24.85
CANARYS,9.04,8.75
DIGIDRIVE,12.42,10.52
DOMS,60.52,60.52
DIGIKORE,3.87,3.87
GLOSTERLTD,41.00,41.00
LANCORHOL,4.64,4.53
AMNPLST,29.43,29.43
SARTELE,8.10,8.10
VINYAS,51.76,51.76
SAIFL,2.70,2.70
JNKINDIA,36.12,36.12
AFFORDABLE,32.45,32.45
PARAGON,10.60,10.60
ARKADE,490.12,18.11
INOXINDIA,69.61,68.99
GRAPHISAD,12.29,12.26
SHEETAL,33.15,33.15
ROXHITECH,6.87,6.87
JYOTICNC,58.55,58.55
STANLEY,67.50,65.69
BAJEL,110.89,109.70
APS,8.76,8.76
ENTERO,37.08,35.98
TECHLABS,34.55,34.55
SIGNPOST,19.47,19.47
SUNCLAY,11.16,
SHREEOSFM,12.19,12.19
PRESSTONIC,19.16,19.16
INDOFARM,31.91,31.91
DEEDEV,61.20,60.06
MEGATHERM,16.55,16.13
OWAIS,100.97,100.97
SSDL,9.06,9.34
BRACEPORT,18.13,18.05
VR,17.67,17.67
KLL,3.43,3.43
ZENITHDRUG,19.14,19.14
SJLOGISTIC,6.58,6.58
PURVFLEXI,29.34,29.33
SRM,10.93,10.93
AZAD,118.75,118.75
PRATHAM,35.51,35.51
KONSTELEC,13.47,13.47
JUNIPER,31.12,23.83
KRYSTAL,12.83,12.83
VSTL,27.08,24.24
FONEBOX,14.10,14.10
DURLAX,21.16,21.16
INM,17.16,17.16
ITALIANE,11.41,11.41
SUPREMEPWR,25.77,25.77
KCEIL,5.46,5.46
MAXESTATES,426.59,426.59
CGRAPHICS,18.41,18.41
ACCENTMIC,28.14,28.14
COMSYN,32.12,32.12
SADHAV,12.67,12.67
MANDEEP,19.83,19.83
WTICAB,8.84,8.84
GOPAL,46.36,83.23
DAVANGERE,51.94,51.94
MAXPOSURE,7.92,7.92
UEL,833.95,833.95
ALPEXSOLAR,19.39,19.34
KRONOX,22.46,22.46
VHLTD,37.67,37.67
SIGNORIA,12.63,12.63
KROSS,22.32,22.32
FALCONTECH,10.84,10.84
TCL,22.48,22.48
ENSER,13.98,13.83
DELAPLEX,6.31,6.31
BOSS,11.75,11.75
RULKA,14.61,14.61
DENTA,14.70,14.70
SINCLAIR,36.42,36.42
SHREEKARNI,19.12,19.12
BLUEPEBBLE,61.16,61.16
LAMOSAIC,33.62,33.62
AIMTRON,73.98,73.99
STALLION,71.55,71.55
DCG,11.67,11.67
AWFIS,27.46,27.46
DIFFNKG,32.96,32.62
K2INFRA,5.12,5.12
RBS,19.52,19.52
ASPIRE,8.74,8.74
ESCONET,27.34,27.34
VRAJ,12.60,12.60
MVKAGRO,137.87,137.87
BALAJEE,18.00,18.00
SANSTAR,66.04,66.04
FILATFASH,52.97,52.97
AVPINFRA,3.90,3.90
SATECH,20.39,20.39
AGARWALTUF,12.37,12.37
SILKFLEX,19.22,19.24
KRN,103.98,104.42
UNIECOM,45.77,45.77
GGBL,8.36,8.36
VISHWAS,18.74,18.74
TAC,47.70,47.70
BANSALWIRE,36.47,35.85
EMMIL,12.19,12.19
DPEL,49.24,49.24
AQYLON,123.80,
INDOUS,12.28,12.28
VILAS,22.64,22.64
GARUDA,13.86,13.86
MASON,12.86,12.86
TRUST,8.62,8.62
YASHOPTICS,31.82,31.82
SATIPOLY,6.55,6.55
ALUWIND,11.96,11.96
TBI,6.48,6.48
SAHAJSOLAR,8.13,8.13
REFRACTORY,11.88,11.88
PRLIND,7.30,7.28
IEML,4.73,4.73
ABSMARINE,6.76,6.76
BEACON,22.96,22.96
AKUMS,40.67,38.45
GALAPREC,40.12,39.15
ZTECH,20.39,20.39
PICCADIL,53.48,53.49
TOLINS,11.41,11.41
WINSOL,9.00,8.97
ORIENTTECH,260.20,51.89
HOACFOODS,70.87,70.87
SLONE,8.37,8.37
QUESTLAB,9.85,9.85
GPECO,12.70,12.70
CEIGALL,18.72,18.72
MANBA,13.68,13.68
SPCL,12.05,12.05
POSITRON,6.56,6.56
TRANSRAILL,16.27,15.78
STYLEBAAZA,49.60,189.92
INTERARCH,23.22,22.80
PCCL,28.53,28.53
BULKCORP,12.78,12.78
RNFI,34.49,34.49
CRIZAC,14.76,14.76
PNGJL,20.97,20.86
TUNWAL,11.73,11.73
GSMFOILS,9.43,9.43
IPHL,7.99,7.99
PATELRMART,18.91,18.91
SFML,7.49,4.24
CHETANA,7.13,6.94
TECHERA,103.87,103.87
SHUBHSHREE,17.11,17.11
ECOSMOBLTY,13.72,13.72
AFCONS,40.89,31.40
ETML,15.85,15.85
AVIANSH,113.16,113.16
TROM,7.84,7.84
NEPHROCARE,35.33,35.33
BIKEWO,29.79,29.79
FORCAS,23.61,23.61
SURAJLTD,48.29,48.29
NAVKARURB,38.57,38.58
JAYBEE,10.72,10.72
ASHALOG,7.87,7.87
JEYYAM,8.21,8.21
SRD,17.60,17.60
PREMIERENE,28.25,28.25
DBEIL,8.53,8.53
C2C,24.66,24.66
MFML,,1.87
ENVIRO,11.89,11.89
SIDDHICOTS,7.23,7.23
KALANA,25.21,25.21
RPEL,92.83,92.83
VIESL,11.57,11.57
EFFWA,30.49,30.49
AVANTEL,254.34,254.34
AGIIL,40.10,40.10
BALCO,17.99,17.99
UTSSAV,20.77,20.77
VDEAL,18.22,18.22
SUNLITE,16.09,16.09
SSEGL,16.48,16.48
SAJHOTELS,21.80,20.96
PPSL,9.81,9.81
DHARIWAL,17.84,17.84
NEELAM,11.56,11.56
HPTL,13.84,13.84
IDEALTECHO,30.70,30.70
PRIZOR,45.18,45.18
BOROSCI,28.64,27.79
EUREKAFORB,54.68,46.12
PRANIK,6.41,6.41
BAJAJHFL,26.74,26.64
RELTD,41.79,41.89
HYUNDAI,36.30,36.30
OSELDEVICE,24.87,24.87
LAKSHYA,9.06,9.06
PHOGLOBAL,9.25,9.25
SAHASRA,67.60,67.60
SANOFICONR,39.25,39.25
AKIKO,20.86,20.86
AERON,15.14,14.86
PELATRO,16.49,15.21
MAMATA,26.91,
FORGEAUTO,9.80,9.80
XTGLOBAL,29.69,29.69
EXCELLENT,61.29,61.29
MYMUDRA,7.54,7.54
SAGILITY,20.63,19.93
ABHAPOWER,19.64,19.64
ACMESOLAR,44.06,44.71
UNILEX,4.99,4.99
BMWVENTLTD,13.16,13.16
BLACKBUCK,60.16,58.95
NIKITA,16.39,16.39
SATKARTAR,11.05,11.05
RAPPID,26.46,26.46
VMM,57.52,57.52
SAILIFE,82.95,81.58
RAYMONDLSL,104.66,26.50
PREMIUM,10.84,10.84
UHTL,37.01,37.01
BARFLEX,29.02,29.02
DELTIC,8.03,8.03
RAJPUTANA,13.87,13.87
KMEW,91.64,91.64
ORCHASP,52.35,52.35
SURAKSHA,41.59,41.59
OBSCP,94.45,94.45
SETL,61.80,61.80
FRESHARA,22.14,22.14
SENORES,46.77,46.77
OCCLLTD,10.87,10.63
APRAMEYA,54.21,54.21
APEXECO,20.99,20.99
CUDML,7.92,7.92
ANYA,21.09,21.09
ROYALARC,16.58,16.58
DIVINEHIRA,59.77,59.77
DANISH,23.40,23.40
PURPLEUTED,21.60,21.60
ARIS,14.36,14.42
IKS,39.61,39.61
SMARTWORKS,198.82,198.82
KALPATARU,56.72,52.26
JSWCEMENT,,25.43
GANESHIN,6.72,6.72
RAPIDFLEET,10.40,10.38
TRUALT,26.29,26.29
UNIMECH,94.37,94.37
AVL,58.51,58.03
IGIL,33.82,33.82
CARRARO,23.20,22.08
ARUNAYA,7.55,7.55
VINCOFE,27.81,27.81
IDENTICAL,17.34,17.34
TANKUP,133.00,133.00
CLASSICEIL,8.06,8.06
JAINIK,19.19,19.19
INFLUX,22.11,22.11
PRABHA,1904.96,1904.96
DAMCAPITAL,15.02,15.02
GUJTHEM,84.47,84.47
IVALUE,14.45,13.97
SHRIAHIMSA,30.32,30.32
HEXT,25.29,23.99
RVTH,15.82,15.60
VENTIVE,24.33,24.08
ROSSTECH,159.71,155.22
SILKY,4.05,4.06
KPEL,11.37,11.37
PSRAJ,33.89,33.89
RNPL,12.43,12.43
KKJEWELS,4.25,4.25
LAXMIDENTL,41.55,27.58
FABTECH,13.72,13.72
EMAPARTNER,14.60,14.60
QPOWER,48.29,48.29
OSWALPUMPS,9.78,9.76
VOLERCAR,68.36,68.36
READYMIX,16.49,16.49
BLUEWATER,18.46,18.46
ELLEN,37.97,37.97
NTPCGREEN,127.05,127.05
NORTHARC,10.31,10.31
THELEELA,38.51,38.01
SUBAHOTELS,14.97,14.97
PROFX,8.52,8.52
GLOTTIS,16.56,16.56
MBEL,17.78,17.62
EEPL,12.54,12.54
IGCL,11.80,11.83
HILINFRA,10.27,10.27
AGARWALEYE,91.17,91.61
SOLARWORLD,12.17,12.17
GLOBECIVIL,10.18,10.18
PROSTARM,25.75,25.75
KEN,6.07,6.07
CHANDAN,21.76,20.17
NEPTUNE,13.85,13.85
SCODATUBES,22.05,22.05
ALLTIME,41.30,37.79
DEVX,36.43,36.89
SUNTECH,4.90,4.90
BALAJIPHOS,20.70,20.70
VIKRAN,20.17,19.99
JARO,19.09,19.09
CPPLUS,117.10,117.10
SAMBHV,21.20,20.86
AJAXENGG,28.52,28.22
MMEL,4.47,4.47
PUSHPA,10.57,10.20
AHCL,22.33,22.33
BAJAJINDEF,32.39,32.07
DDEVPLSTIK,15.93,15.93
SAWALIYA,30.20,30.20
ELGNZ,9.91,9.72
MPEL,3.35,3.35
VGINFOTECH,11.06,11.06
BRIGHOTEL,31.36,31.36
HDBFS,20.30,20.30
TEJASCARGO,41.78,41.78
JUBLCPL,22.40,21.78
MAXVOLT,15.15,15.15
ITCHOTELS,40.99,38.35
SUPREME,491.07,491.07
BORANA,14.23,14.22
SAATVIKGL,15.05,14.95
AEGISVOPAK,123.63,123.63
BELRISE,47.61,47.26
GCHOTELS,21.09,21.09
SHEEL,11.27,11.27
PROTEAN,27.47,26.39
AARADHYA,17.12,17.12
VIJAYPD,51.66,51.66
MOSCHIP,151.54,128.13
SAVY,6.54,6.54
TRAVELFOOD,38.93,38.93
BLUESTONE,233.69,233.69
BAGDIGITAL,21.59,21.59
EBGNG,41.94,41.94
ANONDITA,54.18,54.18
GKENERGY,12.92,12.92
ARSSBL,24.82,22.15
SAFEENTP,18.38,18.38
SACHEEROME,35.85,35.85
LAXMIINDIA,14.03,14.03
TINNARUBR,32.15,32.15
WAAREERTL,18.48,18.48
EFCIL,10.78,10.78
GANESHCP,14.69,14.69
MEIL,16.24,16.24
LOTUSDEV,36.32,36.32
TSC,15.25,15.25
STYL,23.85,23.83
GEMAROMA,671.30,671.30
NRVANDANA,15.17,15.17
SMARTEN,11.23,11.23
ANTHEM,80.77,78.40
REGAAL,16.11,14.66
MONOLITH,86.98,86.98
CURIS,12.51,12.49
IWARE,35.37,35.37
AMCL,21.63,21.63
PATILAUTOM,24.62,24.62
SHANTIGOLD,10.45,10.45
VIGOR,10.70,10.70
CONNPLEX,14.97,14.97
ECOLINE,19.95,19.95
RTL,37.28,37.28
EUROPRATIK,40.97,38.31
ARCIIL,21.09,21.09
EPACKPEB,26.37,26.37
CIFL,27.29,
SHREEJISPG,71.84,71.83
PRIMO,37.41,36.88
SPUNWEB,10.66,10.66
WHITEFORCE,7.56,7.57
FINBUD,22.98,22.98
WEWORK,121.99,116.11
ATLANTAELE,54.80,54.61
SHRINGARMS,19.30,19.30
BHADORA,16.68,16.71
KAYTEX,4.95,4.95
AAKAAR,13.59,13.59
TAURIAN,22.25,22.25
GML,7.55,7.55
BHARATSE,30.33,29.69
PARTH,50.74,50.74
OPTIVALUE,26.80,26.80
PACEDIGITK,12.81,12.81
ENRIN,77.83,75.87
MGSL,10.98,10.98
ADVANCE,17.07,17.07
TECHD,32.32,32.32
SNEHAA,5.78,5.78
CURRENT,14.44,14.44
OMFREIGHT,18.73,18.87
JAINREC,30.21,30.13
JYOTIGLOBL,10.82,10.73
JAYESH,11.94,11.94
SHIVASHRIT,16.84,16.84
SATTVAENGG,10.94,11.04
FLYSBS,12.64,12.64
BLUSPRING,,84.89
CANHLIFE,108.90,108.90
MUNISH,19.13,19.13
JKIPL,29.48,29.48
BELLACASA,15.99,15.99
CHEMBONDCH,16.37,16.37
RAYMONDREL,15.04,15.04
ACCPL,20.68,20.68
SGFIN,29.83,29.83
SGMART,72.70,72.70
FISCHER,79.02,79.02
GROWW,48.61,48.61
ABLBL,65.65,52.22
RAJOOENG,18.25,18.25
ARFIN,94.98,94.98
GANGABATH,40.49,40.49
PRIMECAB,27.31,24.28
ORKLAINDIA,26.02,25.07
PINELABS,141.45,136.07
SHETHJI,18.53,18.53
CPEDU,16.87,16.87
MARKOLINES,15.42,15.35
ADVENTHTL,19.98,14.73
GCSL,32.17,32.17
