index_name,mp_index_name,symbol,as_of_date
NIFTY IPO,Nifty IPO,AASTHA,2026-09-14
NIFTY IPO,Nifty IPO,CPPLUS,2026-09-14
NIFTY IPO,Nifty IPO,ADVANCE,2026-09-14
NIFTY IPO,Nifty IPO,RAMBHAJO,2026-09-14
NIFTY IPO,Nifty IPO,AEQUS,2026-09-14
NIFTY IPO,Nifty IPO,ALLTIME,2026-09-14
NIFTY IPO,Nifty IPO,ALPINETEX,2026-09-14
NIFTY IPO,Nifty IPO,AMAGI,2026-09-14
NIFTY IPO,Nifty IPO,AEROPLANE,2026-09-14
NIFTY IPO,Nifty IPO,ARSSBL,2026-09-14
NIFTY IPO,Nifty IPO,AHCL,2026-09-14
NIFTY IPO,Nifty IPO,ANNU,2026-09-14
NIFTY IPO,Nifty IPO,ANTHEM,2026-09-14
NIFTY IPO,Nifty IPO,ARDEE,2026-09-14
NIFTY IPO,Nifty IPO,ATLANTAELE,2026-09-14
NIFTY IPO,Nifty IPO,AUGMONT,2026-09-14
NIFTY IPO,Nifty IPO,AYE,2026-09-14
NIFTY IPO,Nifty IPO,BMWVENTLTD,2026-09-14
NIFTY IPO,Nifty IPO,BLEL,2026-09-14
NIFTY IPO,Nifty IPO,BHARATCOAL,2026-09-14
NIFTY IPO,Nifty IPO,GROWW,2026-09-14
NIFTY IPO,Nifty IPO,BLUESTONE,2026-09-14
NIFTY IPO,Nifty IPO,BRIGHOTEL,2026-09-14
NIFTY IPO,Nifty IPO,CMRGREEN,2026-09-14
NIFTY IPO,Nifty IPO,CORONA,2026-09-14
NIFTY IPO,Nifty IPO,CSM,2026-09-14
NIFTY IPO,Nifty IPO,CMLL,2026-09-14
NIFTY IPO,Nifty IPO,CANHLIFE,2026-09-14
NIFTY IPO,Nifty IPO,CRAMC,2026-09-14
NIFTY IPO,Nifty IPO,CAPILLARY,2026-09-14
NIFTY IPO,Nifty IPO,CMPDI,2026-09-14
NIFTY IPO,Nifty IPO,CLEANMAX,2026-09-14
NIFTY IPO,Nifty IPO,CRIZAC,2026-09-14
NIFTY IPO,Nifty IPO,DHOOTTRANS,2026-09-14
NIFTY IPO,Nifty IPO,EPACKPEB,2026-09-14
NIFTY IPO,Nifty IPO,ESDS,2026-09-14
NIFTY IPO,Nifty IPO,EMMVEE,2026-09-14
NIFTY IPO,Nifty IPO,EUROPRATIK,2026-09-14
NIFTY IPO,Nifty IPO,EXCELSOFT,2026-09-14
NIFTY IPO,Nifty IPO,FABTECH,2026-09-14
NIFTY IPO,Nifty IPO,FRACTAL,2026-09-14
NIFTY IPO,Nifty IPO,UTLSOLAR,2026-09-14
NIFTY IPO,Nifty IPO,GKENERGY,2026-09-14
NIFTY IPO,Nifty IPO,EBGNG,2026-09-14
NIFTY IPO,Nifty IPO,GSPCROP,2026-09-14
NIFTY IPO,Nifty IPO,GAJA,2026-09-14
NIFTY IPO,Nifty IPO,GANESHCP,2026-09-14
NIFTY IPO,Nifty IPO,GAUDIUMIVF,2026-09-14
NIFTY IPO,Nifty IPO,GEMAROMA,2026-09-14
NIFTY IPO,Nifty IPO,GLOTTIS,2026-09-14
NIFTY IPO,Nifty IPO,GKSL,2026-09-14
NIFTY IPO,Nifty IPO,HDBFS,2026-09-14
NIFTY IPO,Nifty IPO,HEXAGON,2026-09-14
NIFTY IPO,Nifty IPO,HILINFRA,2026-09-14
NIFTY IPO,Nifty IPO,HORIZONIND,2026-09-14
NIFTY IPO,Nifty IPO,HTEL,2026-09-14
NIFTY IPO,Nifty IPO,ICICIAMC,2026-09-14
NIFTY IPO,Nifty IPO,INDOMIM,2026-09-14
NIFTY IPO,Nifty IPO,INDIQUBE,2026-09-14
NIFTY IPO,Nifty IPO,IGCL,2026-09-14
NIFTY IPO,Nifty IPO,INNOVISION,2026-09-14
NIFTY IPO,Nifty IPO,IVALUE,2026-09-14
NIFTY IPO,Nifty IPO,JSWCEMENT,2026-09-14
NIFTY IPO,Nifty IPO,JAINREC,2026-09-14
NIFTY IPO,Nifty IPO,JARO,2026-09-14
NIFTY IPO,Nifty IPO,JNPR,2026-09-14
NIFTY IPO,Nifty IPO,KSHINTL,2026-09-14
NIFTY IPO,Nifty IPO,KNACK,2026-09-14
NIFTY IPO,Nifty IPO,KUSUMGAR,2026-09-14
NIFTY IPO,Nifty IPO,LEAPIND,2026-09-14
NIFTY IPO,Nifty IPO,LGEINDIA,2026-09-14
NIFTY IPO,Nifty IPO,LALITHAA,2026-09-14
NIFTY IPO,Nifty IPO,LASERPOWER,2026-09-14
NIFTY IPO,Nifty IPO,LAXMIINDIA,2026-09-14
NIFTY IPO,Nifty IPO,LENSKART,2026-09-14
NIFTY IPO,Nifty IPO,LCL,2026-09-14
NIFTY IPO,Nifty IPO,LUMINO,2026-09-14
NIFTY IPO,Nifty IPO,MBEL,2026-09-14
NIFTY IPO,Nifty IPO,MVELECTRO,2026-09-14
NIFTY IPO,Nifty IPO,MEIL,2026-09-14
NIFTY IPO,Nifty IPO,MANIPALHOS,2026-09-14
NIFTY IPO,Nifty IPO,MEESHO,2026-09-14
NIFTY IPO,Nifty IPO,MIDWESTLTD,2026-09-14
NIFTY IPO,Nifty IPO,MILKYMIST,2026-09-14
NIFTY IPO,Nifty IPO,MOLBIO,2026-09-14
NIFTY IPO,Nifty IPO,NEPHROPLUS,2026-09-14
NIFTY IPO,Nifty IPO,OMPOWER,2026-09-14
NIFTY IPO,Nifty IPO,OMNI,2026-09-14
NIFTY IPO,Nifty IPO,KISSHT,2026-09-14
NIFTY IPO,Nifty IPO,ORKLAINDIA,2026-09-14
NIFTY IPO,Nifty IPO,PNGSREVA,2026-09-14
NIFTY IPO,Nifty IPO,PACEDIGITK,2026-09-14
NIFTY IPO,Nifty IPO,PARKHOSPS,2026-09-14
NIFTY IPO,Nifty IPO,PATELRMART,2026-09-14
NIFTY IPO,Nifty IPO,PWL,2026-09-14
NIFTY IPO,Nifty IPO,PINELABS,2026-09-14
NIFTY IPO,Nifty IPO,POWERICA,2026-09-14
NIFTY IPO,Nifty IPO,PERNIASPOP,2026-09-14
NIFTY IPO,Nifty IPO,RSL,2026-09-14
NIFTY IPO,Nifty IPO,REGAAL,2026-09-14
NIFTY IPO,Nifty IPO,RUBICON,2026-09-14
NIFTY IPO,Nifty IPO,SBIFUNDS,2026-09-14
NIFTY IPO,Nifty IPO,SEDEMAC,2026-09-14
NIFTY IPO,Nifty IPO,LOTUSDEV,2026-09-14
NIFTY IPO,Nifty IPO,SAATVIKGL,2026-09-14
NIFTY IPO,Nifty IPO,SAIPARENT,2026-09-14
NIFTY IPO,Nifty IPO,SAMBHV,2026-09-14
NIFTY IPO,Nifty IPO,STYL,2026-09-14
NIFTY IPO,Nifty IPO,SHADOWFAX,2026-09-14
NIFTY IPO,Nifty IPO,SHANKESH,2026-09-14
NIFTY IPO,Nifty IPO,SHANTIGOLD,2026-09-14
NIFTY IPO,Nifty IPO,SHIPROCKET,2026-09-14
NIFTY IPO,Nifty IPO,SHREEJISPG,2026-09-14
NIFTY IPO,Nifty IPO,SHRINGARMS,2026-09-14
NIFTY IPO,Nifty IPO,SKYWAYS,2026-09-14
NIFTY IPO,Nifty IPO,SMARTWORKS,2026-09-14
NIFTY IPO,Nifty IPO,SOLARWORLD,2026-09-14
NIFTY IPO,Nifty IPO,STUDDS,2026-09-14
NIFTY IPO,Nifty IPO,SUDEEPPHRM,2026-09-14
NIFTY IPO,Nifty IPO,SUNSHINE,2026-09-14
NIFTY IPO,Nifty IPO,SYMBIOTEC,2026-09-14
NIFTY IPO,Nifty IPO,TATACAP,2026-09-14
NIFTY IPO,Nifty IPO,TECHNOCRAF,2026-09-14
NIFTY IPO,Nifty IPO,TEMPSENS,2026-09-14
NIFTY IPO,Nifty IPO,TENNIND,2026-09-14
NIFTY IPO,Nifty IPO,TRAVELFOOD,2026-09-14
NIFTY IPO,Nifty IPO,TRUALT,2026-09-14
NIFTY IPO,Nifty IPO,TURTLEMINT,2026-09-14
NIFTY IPO,Nifty IPO,URBANCO,2026-09-14
NIFTY IPO,Nifty IPO,VMSTMT,2026-09-14
NIFTY IPO,Nifty IPO,VIDYAWIRES,2026-09-14
NIFTY IPO,Nifty IPO,VIKRAMSOLR,2026-09-14
NIFTY IPO,Nifty IPO,VIKRAN,2026-09-14
NIFTY IPO,Nifty IPO,WAKEFIT,2026-09-14
NIFTY IPO,Nifty IPO,CORDELIA,2026-09-14
NIFTY IPO,Nifty IPO,WEWORK,2026-09-14
NIFTY IPO,Nifty IPO,XTRANET,2026-09-14
NIFTY INDIA INTERNET,Nifty Internet,ANGELONE,2026-09-14
NIFTY INDIA INTERNET,Nifty Internet,CCAVENUE,2026-09-14
NIFTY INDIA INTERNET,Nifty Internet,GROWW,2026-09-14
NIFTY INDIA INTERNET,Nifty Internet,FIRSTCRY,2026-09-14
NIFTY INDIA INTERNET,Nifty Internet,CARTRADE,2026-09-14
NIFTY INDIA INTERNET,Nifty Internet,CRIZAC,2026-09-14
NIFTY INDIA INTERNET,Nifty Internet,ETERNAL,2026-09-14
NIFTY INDIA INTERNET,Nifty Internet,NYKAA,2026-09-14
NIFTY INDIA INTERNET,Nifty Internet,IIFLCAPS,2026-09-14
NIFTY INDIA INTERNET,Nifty Internet,INDIAMART,2026-09-14
NIFTY INDIA INTERNET,Nifty Internet,IRCTC,2026-09-14
NIFTY INDIA INTERNET,Nifty Internet,NAUKRI,2026-09-14
NIFTY INDIA INTERNET,Nifty Internet,JUSTDIAL,2026-09-14
NIFTY INDIA INTERNET,Nifty Internet,IXIGO,2026-09-14
NIFTY INDIA INTERNET,Nifty Internet,MEESHO,2026-09-14
NIFTY INDIA INTERNET,Nifty Internet,MOTILALOFS,2026-09-14
NIFTY INDIA INTERNET,Nifty Internet,NAZARA,2026-09-14
NIFTY INDIA INTERNET,Nifty Internet,PAYTM,2026-09-14
NIFTY INDIA INTERNET,Nifty Internet,POLICYBZR,2026-09-14
NIFTY INDIA INTERNET,Nifty Internet,PWL,2026-09-14
NIFTY INDIA INTERNET,Nifty Internet,PINELABS,2026-09-14
NIFTY INDIA INTERNET,Nifty Internet,RTNINDIA,2026-09-14
NIFTY INDIA INTERNET,Nifty Internet,STYL,2026-09-14
NIFTY INDIA INTERNET,Nifty Internet,SWIGGY,2026-09-14
NIFTY INDIA INTERNET,Nifty Internet,TBOTEK,2026-09-14
NIFTY INDIA INTERNET,Nifty Internet,THOMASCOOK,2026-09-14
NIFTY INDIA INTERNET,Nifty Internet,URBANCO,2026-09-14
NIFTY CAPITAL MARKETS,Nifty Capital Mkt,360ONE,2026-09-14
NIFTY CAPITAL MARKETS,Nifty Capital Mkt,ABSLAMC,2026-09-14
NIFTY CAPITAL MARKETS,Nifty Capital Mkt,ANANDRATHI,2026-09-14
NIFTY CAPITAL MARKETS,Nifty Capital Mkt,ANGELONE,2026-09-14
NIFTY CAPITAL MARKETS,Nifty Capital Mkt,BSE,2026-09-14
NIFTY CAPITAL MARKETS,Nifty Capital Mkt,GROWW,2026-09-14
NIFTY CAPITAL MARKETS,Nifty Capital Mkt,CDSL,2026-09-14
NIFTY CAPITAL MARKETS,Nifty Capital Mkt,CAMS,2026-09-14
NIFTY CAPITAL MARKETS,Nifty Capital Mkt,HDFCAMC,2026-09-14
NIFTY CAPITAL MARKETS,Nifty Capital Mkt,ICICIAMC,2026-09-14
NIFTY CAPITAL MARKETS,Nifty Capital Mkt,IEX,2026-09-14
NIFTY CAPITAL MARKETS,Nifty Capital Mkt,KFINTECH,2026-09-14
NIFTY CAPITAL MARKETS,Nifty Capital Mkt,MOTILALOFS,2026-09-14
NIFTY CAPITAL MARKETS,Nifty Capital Mkt,MCX,2026-09-14
NIFTY CAPITAL MARKETS,Nifty Capital Mkt,NAM-INDIA,2026-09-14
NIFTY CAPITAL MARKETS,Nifty Capital Mkt,NUVAMA,2026-09-14
NIFTY CAPITAL MARKETS,Nifty Capital Mkt,UTIAMC,2026-09-14
NIFTY MIDSMALL IT & TELECOM,Nifty MS IT Telcm,AFFLE,2026-09-14
NIFTY MIDSMALL IT & TELECOM,Nifty MS IT Telcm,BHARTIHEXA,2026-09-14
NIFTY MIDSMALL IT & TELECOM,Nifty MS IT Telcm,COFORGE,2026-09-14
NIFTY MIDSMALL IT & TELECOM,Nifty MS IT Telcm,CYIENT,2026-09-14
NIFTY MIDSMALL IT & TELECOM,Nifty MS IT Telcm,HFCL,2026-09-14
NIFTY MIDSMALL IT & TELECOM,Nifty MS IT Telcm,HEXT,2026-09-14
NIFTY MIDSMALL IT & TELECOM,Nifty MS IT Telcm,INDUSTOWER,2026-09-14
NIFTY MIDSMALL IT & TELECOM,Nifty MS IT Telcm,INTELLECT,2026-09-14
NIFTY MIDSMALL IT & TELECOM,Nifty MS IT Telcm,KPITTECH,2026-09-14
NIFTY MIDSMALL IT & TELECOM,Nifty MS IT Telcm,LTTS,2026-09-14
NIFTY MIDSMALL IT & TELECOM,Nifty MS IT Telcm,MPHASIS,2026-09-14
NIFTY MIDSMALL IT & TELECOM,Nifty MS IT Telcm,OFSS,2026-09-14
NIFTY MIDSMALL IT & TELECOM,Nifty MS IT Telcm,PERSISTENT,2026-09-14
NIFTY MIDSMALL IT & TELECOM,Nifty MS IT Telcm,SAGILITY,2026-09-14
NIFTY MIDSMALL IT & TELECOM,Nifty MS IT Telcm,SONATSOFTW,2026-09-14
NIFTY MIDSMALL IT & TELECOM,Nifty MS IT Telcm,TATACOMM,2026-09-14
NIFTY MIDSMALL IT & TELECOM,Nifty MS IT Telcm,TATAELXSI,2026-09-14
NIFTY MIDSMALL IT & TELECOM,Nifty MS IT Telcm,TATATECH,2026-09-14
NIFTY MIDSMALL IT & TELECOM,Nifty MS IT Telcm,IDEA,2026-09-14
NIFTY MIDSMALL IT & TELECOM,Nifty MS IT Telcm,ZENSARTECH,2026-09-14
NIFTY MIDSMALL FINANCIAL SERVICES,Nifty MS Fin Serv,360ONE,2026-09-14
NIFTY MIDSMALL FINANCIAL SERVICES,Nifty MS Fin Serv,AUBANK,2026-09-14
NIFTY MIDSMALL FINANCIAL SERVICES,Nifty MS Fin Serv,ABCAPITAL,2026-09-14
NIFTY MIDSMALL FINANCIAL SERVICES,Nifty MS Fin Serv,ANGELONE,2026-09-14
NIFTY MIDSMALL FINANCIAL SERVICES,Nifty MS Fin Serv,BSE,2026-09-14
NIFTY MIDSMALL FINANCIAL SERVICES,Nifty MS Fin Serv,BANDHANBNK,2026-09-14
NIFTY MIDSMALL FINANCIAL SERVICES,Nifty MS Fin Serv,BANKINDIA,2026-09-14
NIFTY MIDSMALL FINANCIAL SERVICES,Nifty MS Fin Serv,CDSL,2026-09-14
NIFTY MIDSMALL FINANCIAL SERVICES,Nifty MS Fin Serv,CAMS,2026-09-14
NIFTY MIDSMALL FINANCIAL SERVICES,Nifty MS Fin Serv,FEDERALBNK,2026-09-14
NIFTY MIDSMALL FINANCIAL SERVICES,Nifty MS Fin Serv,HUDCO,2026-09-14
NIFTY MIDSMALL FINANCIAL SERVICES,Nifty MS Fin Serv,ICICIGI,2026-09-14
NIFTY MIDSMALL FINANCIAL SERVICES,Nifty MS Fin Serv,ICICIPRULI,2026-09-14
NIFTY MIDSMALL FINANCIAL SERVICES,Nifty MS Fin Serv,IDFCFIRSTB,2026-09-14
NIFTY MIDSMALL FINANCIAL SERVICES,Nifty MS Fin Serv,INDIANB,2026-09-14
NIFTY MIDSMALL FINANCIAL SERVICES,Nifty MS Fin Serv,IEX,2026-09-14
NIFTY MIDSMALL FINANCIAL SERVICES,Nifty MS Fin Serv,INDUSINDBK,2026-09-14
NIFTY MIDSMALL FINANCIAL SERVICES,Nifty MS Fin Serv,KFINTECH,2026-09-14
NIFTY MIDSMALL FINANCIAL SERVICES,Nifty MS Fin Serv,LTF,2026-09-14
NIFTY MIDSMALL FINANCIAL SERVICES,Nifty MS Fin Serv,LICHSGFIN,2026-09-14
NIFTY MIDSMALL FINANCIAL SERVICES,Nifty MS Fin Serv,LICI,2026-09-14
NIFTY MIDSMALL FINANCIAL SERVICES,Nifty MS Fin Serv,MANAPPURAM,2026-09-14
NIFTY MIDSMALL FINANCIAL SERVICES,Nifty MS Fin Serv,MFSL,2026-09-14
NIFTY MIDSMALL FINANCIAL SERVICES,Nifty MS Fin Serv,MCX,2026-09-14
NIFTY MIDSMALL FINANCIAL SERVICES,Nifty MS Fin Serv,PAYTM,2026-09-14
NIFTY MIDSMALL FINANCIAL SERVICES,Nifty MS Fin Serv,POLICYBZR,2026-09-14
NIFTY MIDSMALL FINANCIAL SERVICES,Nifty MS Fin Serv,PNBHOUSING,2026-09-14
NIFTY MIDSMALL FINANCIAL SERVICES,Nifty MS Fin Serv,RBLBANK,2026-09-14
NIFTY MIDSMALL FINANCIAL SERVICES,Nifty MS Fin Serv,SBICARD,2026-09-14
NIFTY MIDSMALL FINANCIAL SERVICES,Nifty MS Fin Serv,YESBANK,2026-09-14
NIFTY INDIA DEFENCE,Nifty Ind Defence,AXISCADES,2026-09-14
NIFTY INDIA DEFENCE,Nifty Ind Defence,AEQUS,2026-09-14
NIFTY INDIA DEFENCE,Nifty Ind Defence,APOLLO,2026-09-14
NIFTY INDIA DEFENCE,Nifty Ind Defence,ASTRAMICRO,2026-09-14
NIFTY INDIA DEFENCE,Nifty Ind Defence,BEML,2026-09-14
NIFTY INDIA DEFENCE,Nifty Ind Defence,BDL,2026-09-14
NIFTY INDIA DEFENCE,Nifty Ind Defence,BEL,2026-09-14
NIFTY INDIA DEFENCE,Nifty Ind Defence,BHARATFORG,2026-09-14
NIFTY INDIA DEFENCE,Nifty Ind Defence,COCHINSHIP,2026-09-14
NIFTY INDIA DEFENCE,Nifty Ind Defence,DATAPATTNS,2026-09-14
NIFTY INDIA DEFENCE,Nifty Ind Defence,DYNAMATECH,2026-09-14
NIFTY INDIA DEFENCE,Nifty Ind Defence,GRSE,2026-09-14
NIFTY INDIA DEFENCE,Nifty Ind Defence,HAL,2026-09-14
NIFTY INDIA DEFENCE,Nifty Ind Defence,MTARTECH,2026-09-14
NIFTY INDIA DEFENCE,Nifty Ind Defence,MAZDOCK,2026-09-14
NIFTY INDIA DEFENCE,Nifty Ind Defence,MIDHANI,2026-09-14
NIFTY INDIA DEFENCE,Nifty Ind Defence,PARAS,2026-09-14
NIFTY INDIA DEFENCE,Nifty Ind Defence,SOLARINDS,2026-09-14
NIFTY INDIA DEFENCE,Nifty Ind Defence,ZENTEC,2026-09-14
NIFTY CPSE,Nifty CPSE,BEL,2026-09-14
NIFTY CPSE,Nifty CPSE,COALINDIA,2026-09-14
NIFTY CPSE,Nifty CPSE,COCHINSHIP,2026-09-14
NIFTY CPSE,Nifty CPSE,NBCC,2026-09-14
NIFTY CPSE,Nifty CPSE,NHPC,2026-09-14
NIFTY CPSE,Nifty CPSE,NLCINDIA,2026-09-14
NIFTY CPSE,Nifty CPSE,NTPC,2026-09-14
NIFTY CPSE,Nifty CPSE,ONGC,2026-09-14
NIFTY CPSE,Nifty CPSE,OIL,2026-09-14
NIFTY CPSE,Nifty CPSE,POWERGRID,2026-09-14
NIFTY CPSE,Nifty CPSE,SJVN,2026-09-14
NIFTY COMMODITIES,Nifty Commodities,APLAPOLLO,2026-09-14
NIFTY COMMODITIES,Nifty Commodities,ADANIENSOL,2026-09-14
NIFTY COMMODITIES,Nifty Commodities,ADANIGREEN,2026-09-14
NIFTY COMMODITIES,Nifty Commodities,ADANIPOWER,2026-09-14
NIFTY COMMODITIES,Nifty Commodities,AMBUJACEM,2026-09-14
NIFTY COMMODITIES,Nifty Commodities,BPCL,2026-09-14
NIFTY COMMODITIES,Nifty Commodities,COALINDIA,2026-09-14
NIFTY COMMODITIES,Nifty Commodities,GRASIM,2026-09-14
NIFTY COMMODITIES,Nifty Commodities,HINDALCO,2026-09-14
NIFTY COMMODITIES,Nifty Commodities,HINDPETRO,2026-09-14
NIFTY COMMODITIES,Nifty Commodities,IOC,2026-09-14
NIFTY COMMODITIES,Nifty Commodities,JSWENERGY,2026-09-14
NIFTY COMMODITIES,Nifty Commodities,JSWSTEEL,2026-09-14
NIFTY COMMODITIES,Nifty Commodities,JINDALSTEL,2026-09-14
NIFTY COMMODITIES,Nifty Commodities,NHPC,2026-09-14
NIFTY COMMODITIES,Nifty Commodities,NMDC,2026-09-14
NIFTY COMMODITIES,Nifty Commodities,NTPC,2026-09-14
NIFTY COMMODITIES,Nifty Commodities,ONGC,2026-09-14
NIFTY COMMODITIES,Nifty Commodities,OIL,2026-09-14
NIFTY COMMODITIES,Nifty Commodities,PIIND,2026-09-14
NIFTY COMMODITIES,Nifty Commodities,PIDILITIND,2026-09-14
NIFTY COMMODITIES,Nifty Commodities,RELIANCE,2026-09-14
NIFTY COMMODITIES,Nifty Commodities,SRF,2026-09-14
NIFTY COMMODITIES,Nifty Commodities,SHREECEM,2026-09-14
NIFTY COMMODITIES,Nifty Commodities,TATAPOWER,2026-09-14
NIFTY COMMODITIES,Nifty Commodities,TATASTEEL,2026-09-14
NIFTY COMMODITIES,Nifty Commodities,TORNTPOWER,2026-09-14
NIFTY COMMODITIES,Nifty Commodities,UPL,2026-09-14
NIFTY COMMODITIES,Nifty Commodities,ULTRACEMCO,2026-09-14
NIFTY COMMODITIES,Nifty Commodities,VEDL,2026-09-14
NIFTY CHEMICALS,Nifty Chemicals,AARTIIND,2026-09-14
NIFTY CHEMICALS,Nifty Chemicals,ATUL,2026-09-14
NIFTY CHEMICALS,Nifty Chemicals,BAYERCROP,2026-09-14
NIFTY CHEMICALS,Nifty Chemicals,CHAMBLFERT,2026-09-14
NIFTY CHEMICALS,Nifty Chemicals,COROMANDEL,2026-09-14
NIFTY CHEMICALS,Nifty Chemicals,DEEPAKNTR,2026-09-14
NIFTY CHEMICALS,Nifty Chemicals,EIDPARRY,2026-09-14
NIFTY CHEMICALS,Nifty Chemicals,FLUOROCHEM,2026-09-14
NIFTY CHEMICALS,Nifty Chemicals,GNFC,2026-09-14
NIFTY CHEMICALS,Nifty Chemicals,HSCL,2026-09-14
NIFTY CHEMICALS,Nifty Chemicals,LINDEINDIA,2026-09-14
NIFTY CHEMICALS,Nifty Chemicals,NAVINFLUOR,2026-09-14
NIFTY CHEMICALS,Nifty Chemicals,PCBL,2026-09-14
NIFTY CHEMICALS,Nifty Chemicals,PIIND,2026-09-14
NIFTY CHEMICALS,Nifty Chemicals,PIDILITIND,2026-09-14
NIFTY CHEMICALS,Nifty Chemicals,SRF,2026-09-14
NIFTY CHEMICALS,Nifty Chemicals,SOLARINDS,2026-09-14
NIFTY CHEMICALS,Nifty Chemicals,SUMICHEM,2026-09-14
NIFTY CHEMICALS,Nifty Chemicals,TATACHEM,2026-09-14
NIFTY CHEMICALS,Nifty Chemicals,UPL,2026-09-14
NIFTY ENERGY,Nifty Energy,ABB,2026-09-14
NIFTY ENERGY,Nifty Energy,ADANIENSOL,2026-09-14
NIFTY ENERGY,Nifty Energy,ADANIGREEN,2026-09-14
NIFTY ENERGY,Nifty Energy,ADANIPOWER,2026-09-14
NIFTY ENERGY,Nifty Energy,ATGL,2026-09-14
NIFTY ENERGY,Nifty Energy,AEGISLOG,2026-09-14
NIFTY ENERGY,Nifty Energy,BHEL,2026-09-14
NIFTY ENERGY,Nifty Energy,BPCL,2026-09-14
NIFTY ENERGY,Nifty Energy,CESC,2026-09-14
NIFTY ENERGY,Nifty Energy,CGPOWER,2026-09-14
NIFTY ENERGY,Nifty Energy,CASTROLIND,2026-09-14
NIFTY ENERGY,Nifty Energy,COALINDIA,2026-09-14
NIFTY ENERGY,Nifty Energy,GAIL,2026-09-14
NIFTY ENERGY,Nifty Energy,GVT&D,2026-09-14
NIFTY ENERGY,Nifty Energy,HINDPETRO,2026-09-14
NIFTY ENERGY,Nifty Energy,POWERINDIA,2026-09-14
NIFTY ENERGY,Nifty Energy,IOC,2026-09-14
NIFTY ENERGY,Nifty Energy,IGL,2026-09-14
NIFTY ENERGY,Nifty Energy,INOXWIND,2026-09-14
NIFTY ENERGY,Nifty Energy,JSWENERGY,2026-09-14
NIFTY ENERGY,Nifty Energy,JPPOWER,2026-09-14
NIFTY ENERGY,Nifty Energy,MGL,2026-09-14
NIFTY ENERGY,Nifty Energy,NHPC,2026-09-14
NIFTY ENERGY,Nifty Energy,NLCINDIA,2026-09-14
NIFTY ENERGY,Nifty Energy,NTPCGREEN,2026-09-14
NIFTY ENERGY,Nifty Energy,NTPC,2026-09-14
NIFTY ENERGY,Nifty Energy,NAVA,2026-09-14
NIFTY ENERGY,Nifty Energy,ONGC,2026-09-14
NIFTY ENERGY,Nifty Energy,OIL,2026-09-14
NIFTY ENERGY,Nifty Energy,PETRONET,2026-09-14
NIFTY ENERGY,Nifty Energy,POWERGRID,2026-09-14
NIFTY ENERGY,Nifty Energy,RELIANCE,2026-09-14
NIFTY ENERGY,Nifty Energy,RPOWER,2026-09-14
NIFTY ENERGY,Nifty Energy,SJVN,2026-09-14
NIFTY ENERGY,Nifty Energy,ENRIN,2026-09-14
NIFTY ENERGY,Nifty Energy,SIEMENS,2026-09-14
NIFTY ENERGY,Nifty Energy,SUZLON,2026-09-14
NIFTY ENERGY,Nifty Energy,TATAPOWER,2026-09-14
NIFTY ENERGY,Nifty Energy,THERMAX,2026-09-14
NIFTY ENERGY,Nifty Energy,TORNTPOWER,2026-09-14
NIFTY PSE,Nifty PSE,BEL,2026-09-14
NIFTY PSE,Nifty PSE,BHEL,2026-09-14
NIFTY PSE,Nifty PSE,BPCL,2026-09-14
NIFTY PSE,Nifty PSE,COALINDIA,2026-09-14
NIFTY PSE,Nifty PSE,CONCOR,2026-09-14
NIFTY PSE,Nifty PSE,GAIL,2026-09-14
NIFTY PSE,Nifty PSE,HAL,2026-09-14
NIFTY PSE,Nifty PSE,HINDPETRO,2026-09-14
NIFTY PSE,Nifty PSE,IOC,2026-09-14
NIFTY PSE,Nifty PSE,IRCTC,2026-09-14
NIFTY PSE,Nifty PSE,IRFC,2026-09-14
NIFTY PSE,Nifty PSE,NHPC,2026-09-14
NIFTY PSE,Nifty PSE,NMDC,2026-09-14
NIFTY PSE,Nifty PSE,NTPC,2026-09-14
NIFTY PSE,Nifty PSE,ONGC,2026-09-14
NIFTY PSE,Nifty PSE,OIL,2026-09-14
NIFTY PSE,Nifty PSE,PFC,2026-09-14
NIFTY PSE,Nifty PSE,POWERGRID,2026-09-14
NIFTY PSE,Nifty PSE,RECLTD,2026-09-14
NIFTY PSE,Nifty PSE,RVNL,2026-09-14
NIFTY HOUSING,Nifty Housing,ACC,2026-09-14
NIFTY HOUSING,Nifty Housing,ADANIGREEN,2026-09-14
NIFTY HOUSING,Nifty Housing,ATGL,2026-09-14
NIFTY HOUSING,Nifty Housing,AMBUJACEM,2026-09-14
NIFTY HOUSING,Nifty Housing,ASIANPAINT,2026-09-14
NIFTY HOUSING,Nifty Housing,AXISBANK,2026-09-14
NIFTY HOUSING,Nifty Housing,BANDHANBNK,2026-09-14
NIFTY HOUSING,Nifty Housing,BANKBARODA,2026-09-14
NIFTY HOUSING,Nifty Housing,BERGEPAINT,2026-09-14
NIFTY HOUSING,Nifty Housing,CUB,2026-09-14
NIFTY HOUSING,Nifty Housing,CROMPTON,2026-09-14
NIFTY HOUSING,Nifty Housing,DALBHARAT,2026-09-14
NIFTY HOUSING,Nifty Housing,DIXON,2026-09-14
NIFTY HOUSING,Nifty Housing,DLF,2026-09-14
NIFTY HOUSING,Nifty Housing,FEDERALBNK,2026-09-14
NIFTY HOUSING,Nifty Housing,GODREJPROP,2026-09-14
NIFTY HOUSING,Nifty Housing,GRASIM,2026-09-14
NIFTY HOUSING,Nifty Housing,HAVELLS,2026-09-14
NIFTY HOUSING,Nifty Housing,HDFCBANK,2026-09-14
NIFTY HOUSING,Nifty Housing,HDFC,2026-09-14
NIFTY HOUSING,Nifty Housing,ICICIBANK,2026-09-14
NIFTY HOUSING,Nifty Housing,IDFCFIRSTB,2026-09-14
NIFTY HOUSING,Nifty Housing,IBULHSGFIN,2026-09-14
NIFTY HOUSING,Nifty Housing,IGL,2026-09-14
NIFTY HOUSING,Nifty Housing,INDUSINDBK,2026-09-14
NIFTY HOUSING,Nifty Housing,JKCEMENT,2026-09-14
NIFTY HOUSING,Nifty Housing,JINDALSTEL,2026-09-14
NIFTY HOUSING,Nifty Housing,JSWSTEEL,2026-09-14
NIFTY HOUSING,Nifty Housing,KAJARIACER,2026-09-14
NIFTY HOUSING,Nifty Housing,KANSAINER,2026-09-14
NIFTY HOUSING,Nifty Housing,KOTAKBANK,2026-09-14
NIFTY HOUSING,Nifty Housing,LT,2026-09-14
NIFTY HOUSING,Nifty Housing,LICHSGFIN,2026-09-14
NIFTY HOUSING,Nifty Housing,MGL,2026-09-14
NIFTY HOUSING,Nifty Housing,NTPC,2026-09-14
NIFTY HOUSING,Nifty Housing,OBEROIRLTY,2026-09-14
NIFTY HOUSING,Nifty Housing,PETRONET,2026-09-14
NIFTY HOUSING,Nifty Housing,PNB,2026-09-14
NIFTY HOUSING,Nifty Housing,RBLBANK,2026-09-14
NIFTY HOUSING,Nifty Housing,SHREECEM,2026-09-14
NIFTY HOUSING,Nifty Housing,SBIN,2026-09-14
NIFTY HOUSING,Nifty Housing,SAIL,2026-09-14
NIFTY HOUSING,Nifty Housing,TATAPOWER,2026-09-14
NIFTY HOUSING,Nifty Housing,TATASTEEL,2026-09-14
NIFTY HOUSING,Nifty Housing,RAMCOCEM,2026-09-14
NIFTY HOUSING,Nifty Housing,TORNTPOWER,2026-09-14
NIFTY HOUSING,Nifty Housing,ULTRACEMCO,2026-09-14
NIFTY HOUSING,Nifty Housing,VOLTAS,2026-09-14
NIFTY HOUSING,Nifty Housing,WHIRLPOOL,2026-09-14
NIFTY HOUSING,Nifty Housing,YESBANK,2026-09-14
NIFTY INFRASTRUCTURE,Nifty Infra,ADANIGREEN,2026-09-14
NIFTY INFRASTRUCTURE,Nifty Infra,ADANIPORTS,2026-09-14
NIFTY INFRASTRUCTURE,Nifty Infra,AMBUJACEM,2026-09-14
NIFTY INFRASTRUCTURE,Nifty Infra,APOLLOHOSP,2026-09-14
NIFTY INFRASTRUCTURE,Nifty Infra,ASHOKLEY,2026-09-14
NIFTY INFRASTRUCTURE,Nifty Infra,BHARATFORG,2026-09-14
NIFTY INFRASTRUCTURE,Nifty Infra,BPCL,2026-09-14
NIFTY INFRASTRUCTURE,Nifty Infra,BHARTIARTL,2026-09-14
NIFTY INFRASTRUCTURE,Nifty Infra,CGPOWER,2026-09-14
NIFTY INFRASTRUCTURE,Nifty Infra,CUMMINSIND,2026-09-14
NIFTY INFRASTRUCTURE,Nifty Infra,DLF,2026-09-14
NIFTY INFRASTRUCTURE,Nifty Infra,FORTIS,2026-09-14
NIFTY INFRASTRUCTURE,Nifty Infra,GAIL,2026-09-14
NIFTY INFRASTRUCTURE,Nifty Infra,GRASIM,2026-09-14
NIFTY INFRASTRUCTURE,Nifty Infra,HINDPETRO,2026-09-14
NIFTY INFRASTRUCTURE,Nifty Infra,INDHOTEL,2026-09-14
NIFTY INFRASTRUCTURE,Nifty Infra,IOC,2026-09-14
NIFTY INFRASTRUCTURE,Nifty Infra,INDUSTOWER,2026-09-14
NIFTY INFRASTRUCTURE,Nifty Infra,INDIGO,2026-09-14
NIFTY INFRASTRUCTURE,Nifty Infra,LT,2026-09-14
NIFTY INFRASTRUCTURE,Nifty Infra,MAXHEALTH,2026-09-14
NIFTY INFRASTRUCTURE,Nifty Infra,NTPC,2026-09-14
NIFTY INFRASTRUCTURE,Nifty Infra,ONGC,2026-09-14
NIFTY INFRASTRUCTURE,Nifty Infra,POWERGRID,2026-09-14
NIFTY INFRASTRUCTURE,Nifty Infra,RELIANCE,2026-09-14
NIFTY INFRASTRUCTURE,Nifty Infra,MOTHERSON,2026-09-14
NIFTY INFRASTRUCTURE,Nifty Infra,SHREECEM,2026-09-14
NIFTY INFRASTRUCTURE,Nifty Infra,SUZLON,2026-09-14
NIFTY INFRASTRUCTURE,Nifty Infra,TATAPOWER,2026-09-14
NIFTY INFRASTRUCTURE,Nifty Infra,ULTRACEMCO,2026-09-14
NIFTY INDIA TOURISM,Nifty Ind Tourism,BLS,2026-09-14
NIFTY INDIA TOURISM,Nifty Ind Tourism,CHALET,2026-09-14
NIFTY INDIA TOURISM,Nifty Ind Tourism,DEVYANI,2026-09-14
NIFTY INDIA TOURISM,Nifty Ind Tourism,EIHOTEL,2026-09-14
NIFTY INDIA TOURISM,Nifty Ind Tourism,GMRAIRPORT,2026-09-14
NIFTY INDIA TOURISM,Nifty Ind Tourism,ITCHOTELS,2026-09-14
NIFTY INDIA TOURISM,Nifty Ind Tourism,INDHOTEL,2026-09-14
NIFTY INDIA TOURISM,Nifty Ind Tourism,IRCTC,2026-09-14
NIFTY INDIA TOURISM,Nifty Ind Tourism,INDIGO,2026-09-14
NIFTY INDIA TOURISM,Nifty Ind Tourism,JUBLFOOD,2026-09-14
NIFTY INDIA TOURISM,Nifty Ind Tourism,THELEELA,2026-09-14
NIFTY INDIA TOURISM,Nifty Ind Tourism,LEMONTREE,2026-09-14
NIFTY INDIA TOURISM,Nifty Ind Tourism,SAPPHIRE,2026-09-14
NIFTY INDIA TOURISM,Nifty Ind Tourism,TBOTEK,2026-09-14
NIFTY INDIA TOURISM,Nifty Ind Tourism,TRAVELFOOD,2026-09-14
NIFTY CORE HOUSING,Nifty CoreHousing,ACC,2026-09-14
NIFTY CORE HOUSING,Nifty CoreHousing,AMBER,2026-09-14
NIFTY CORE HOUSING,Nifty CoreHousing,AMBUJACEM,2026-09-14
NIFTY CORE HOUSING,Nifty CoreHousing,ASIANPAINT,2026-09-14
NIFTY CORE HOUSING,Nifty CoreHousing,BAJAJHFL,2026-09-14
NIFTY CORE HOUSING,Nifty CoreHousing,BERGEPAINT,2026-09-14
NIFTY CORE HOUSING,Nifty CoreHousing,BLUESTARCO,2026-09-14
NIFTY CORE HOUSING,Nifty CoreHousing,BRIGADE,2026-09-14
NIFTY CORE HOUSING,Nifty CoreHousing,CROMPTON,2026-09-14
NIFTY CORE HOUSING,Nifty CoreHousing,DLF,2026-09-14
NIFTY CORE HOUSING,Nifty CoreHousing,DALBHARAT,2026-09-14
NIFTY CORE HOUSING,Nifty CoreHousing,DIXON,2026-09-14
NIFTY CORE HOUSING,Nifty CoreHousing,GODREJPROP,2026-09-14
NIFTY CORE HOUSING,Nifty CoreHousing,GRASIM,2026-09-14
NIFTY CORE HOUSING,Nifty CoreHousing,HAVELLS,2026-09-14
NIFTY CORE HOUSING,Nifty CoreHousing,JKCEMENT,2026-09-14
NIFTY CORE HOUSING,Nifty CoreHousing,KEI,2026-09-14
NIFTY CORE HOUSING,Nifty CoreHousing,KAJARIACER,2026-09-14
NIFTY CORE HOUSING,Nifty CoreHousing,LICHSGFIN,2026-09-14
NIFTY CORE HOUSING,Nifty CoreHousing,LODHA,2026-09-14
NIFTY CORE HOUSING,Nifty CoreHousing,OBEROIRLTY,2026-09-14
NIFTY CORE HOUSING,Nifty CoreHousing,PGEL,2026-09-14
NIFTY CORE HOUSING,Nifty CoreHousing,PNBHOUSING,2026-09-14
NIFTY CORE HOUSING,Nifty CoreHousing,PHOENIXLTD,2026-09-14
NIFTY CORE HOUSING,Nifty CoreHousing,POLYCAB,2026-09-14
NIFTY CORE HOUSING,Nifty CoreHousing,PRESTIGE,2026-09-14
NIFTY CORE HOUSING,Nifty CoreHousing,SHREECEM,2026-09-14
NIFTY CORE HOUSING,Nifty CoreHousing,RAMCOCEM,2026-09-14
NIFTY CORE HOUSING,Nifty CoreHousing,ULTRACEMCO,2026-09-14
NIFTY CORE HOUSING,Nifty CoreHousing,VOLTAS,2026-09-14
NIFTY MOBILITY,Nifty Mobility,ADANIPORTS,2026-09-14
NIFTY MOBILITY,Nifty Mobility,ASHOKLEY,2026-09-14
NIFTY MOBILITY,Nifty Mobility,BAJAJ-AUTO,2026-09-14
NIFTY MOBILITY,Nifty Mobility,BALKRISIND,2026-09-14
NIFTY MOBILITY,Nifty Mobility,BHARATFORG,2026-09-14
NIFTY MOBILITY,Nifty Mobility,BPCL,2026-09-14
NIFTY MOBILITY,Nifty Mobility,BOSCHLTD,2026-09-14
NIFTY MOBILITY,Nifty Mobility,CONCOR,2026-09-14
NIFTY MOBILITY,Nifty Mobility,EICHERMOT,2026-09-14
NIFTY MOBILITY,Nifty Mobility,ETERNAL,2026-09-14
NIFTY MOBILITY,Nifty Mobility,GAIL,2026-09-14
NIFTY MOBILITY,Nifty Mobility,GMRAIRPORT,2026-09-14
NIFTY MOBILITY,Nifty Mobility,HEROMOTOCO,2026-09-14
NIFTY MOBILITY,Nifty Mobility,HINDPETRO,2026-09-14
NIFTY MOBILITY,Nifty Mobility,HYUNDAI,2026-09-14
NIFTY MOBILITY,Nifty Mobility,IOC,2026-09-14
NIFTY MOBILITY,Nifty Mobility,IRCTC,2026-09-14
NIFTY MOBILITY,Nifty Mobility,INDIGO,2026-09-14
NIFTY MOBILITY,Nifty Mobility,MRF,2026-09-14
NIFTY MOBILITY,Nifty Mobility,M&M,2026-09-14
NIFTY MOBILITY,Nifty Mobility,MARUTI,2026-09-14
NIFTY MOBILITY,Nifty Mobility,PETRONET,2026-09-14
NIFTY MOBILITY,Nifty Mobility,RELIANCE,2026-09-14
NIFTY MOBILITY,Nifty Mobility,MOTHERSON,2026-09-14
NIFTY MOBILITY,Nifty Mobility,SONACOMS,2026-09-14
NIFTY MOBILITY,Nifty Mobility,SWIGGY,2026-09-14
NIFTY MOBILITY,Nifty Mobility,TVSMOTOR,2026-09-14
NIFTY MOBILITY,Nifty Mobility,TMCV,2026-09-14
NIFTY MOBILITY,Nifty Mobility,TMPV,2026-09-14
NIFTY MOBILITY,Nifty Mobility,TIINDIA,2026-09-14
NIFTY INDIA RAILWAYS PSU,Nifty RailwaysPSU,BEML,2026-09-14
NIFTY INDIA RAILWAYS PSU,Nifty RailwaysPSU,BEL,2026-09-14
NIFTY INDIA RAILWAYS PSU,Nifty RailwaysPSU,BHEL,2026-09-14
NIFTY INDIA RAILWAYS PSU,Nifty RailwaysPSU,BPCL,2026-09-14
NIFTY INDIA RAILWAYS PSU,Nifty RailwaysPSU,CONCOR,2026-09-14
NIFTY INDIA RAILWAYS PSU,Nifty RailwaysPSU,HINDPETRO,2026-09-14
NIFTY INDIA RAILWAYS PSU,Nifty RailwaysPSU,IRCON,2026-09-14
NIFTY INDIA RAILWAYS PSU,Nifty RailwaysPSU,ITI,2026-09-14
NIFTY INDIA RAILWAYS PSU,Nifty RailwaysPSU,IRCTC,2026-09-14
NIFTY INDIA RAILWAYS PSU,Nifty RailwaysPSU,IRFC,2026-09-14
NIFTY INDIA RAILWAYS PSU,Nifty RailwaysPSU,MRPL,2026-09-14
NIFTY INDIA RAILWAYS PSU,Nifty RailwaysPSU,NTPC,2026-09-14
NIFTY INDIA RAILWAYS PSU,Nifty RailwaysPSU,ONGC,2026-09-14
NIFTY INDIA RAILWAYS PSU,Nifty RailwaysPSU,RITES,2026-09-14
NIFTY INDIA RAILWAYS PSU,Nifty RailwaysPSU,RVNL,2026-09-14
NIFTY INDIA RAILWAYS PSU,Nifty RailwaysPSU,RAILTEL,2026-09-14
NIFTY INDIA RAILWAYS PSU,Nifty RailwaysPSU,SAIL,2026-09-14
NIFTY TRANSPORTATION & LOGISTICS,Nifty Trans Logis,AIAENG,2026-09-14
NIFTY TRANSPORTATION & LOGISTICS,Nifty Trans Logis,ADANIPORTS,2026-09-14
NIFTY TRANSPORTATION & LOGISTICS,Nifty Trans Logis,AMARAJABAT,2026-09-14
NIFTY TRANSPORTATION & LOGISTICS,Nifty Trans Logis,APOLLOTYRE,2026-09-14
NIFTY TRANSPORTATION & LOGISTICS,Nifty Trans Logis,ASHOKLEY,2026-09-14
NIFTY TRANSPORTATION & LOGISTICS,Nifty Trans Logis,BAJAJ-AUTO,2026-09-14
NIFTY TRANSPORTATION & LOGISTICS,Nifty Trans Logis,BALKRISIND,2026-09-14
NIFTY TRANSPORTATION & LOGISTICS,Nifty Trans Logis,BHARATFORG,2026-09-14
NIFTY TRANSPORTATION & LOGISTICS,Nifty Trans Logis,BOSCHLTD,2026-09-14
NIFTY TRANSPORTATION & LOGISTICS,Nifty Trans Logis,CARBORUNIV,2026-09-14
NIFTY TRANSPORTATION & LOGISTICS,Nifty Trans Logis,CONCOR,2026-09-14
NIFTY TRANSPORTATION & LOGISTICS,Nifty Trans Logis,EICHERMOT,2026-09-14
NIFTY TRANSPORTATION & LOGISTICS,Nifty Trans Logis,ENDURANCE,2026-09-14
NIFTY TRANSPORTATION & LOGISTICS,Nifty Trans Logis,ESCORTS,2026-09-14
NIFTY TRANSPORTATION & LOGISTICS,Nifty Trans Logis,EXIDEIND,2026-09-14
NIFTY TRANSPORTATION & LOGISTICS,Nifty Trans Logis,GESHIP,2026-09-14
NIFTY TRANSPORTATION & LOGISTICS,Nifty Trans Logis,GRINDWELL,2026-09-14
NIFTY TRANSPORTATION & LOGISTICS,Nifty Trans Logis,HEROMOTOCO,2026-09-14
NIFTY TRANSPORTATION & LOGISTICS,Nifty Trans Logis,IRCTC,2026-09-14
NIFTY TRANSPORTATION & LOGISTICS,Nifty Trans Logis,INDIGO,2026-09-14
NIFTY TRANSPORTATION & LOGISTICS,Nifty Trans Logis,MRF,2026-09-14
NIFTY TRANSPORTATION & LOGISTICS,Nifty Trans Logis,M&M,2026-09-14
NIFTY TRANSPORTATION & LOGISTICS,Nifty Trans Logis,MARUTI,2026-09-14
NIFTY TRANSPORTATION & LOGISTICS,Nifty Trans Logis,MINDAIND,2026-09-14
NIFTY TRANSPORTATION & LOGISTICS,Nifty Trans Logis,SKFINDIA,2026-09-14
NIFTY TRANSPORTATION & LOGISTICS,Nifty Trans Logis,SCHAEFFLER,2026-09-14
NIFTY TRANSPORTATION & LOGISTICS,Nifty Trans Logis,SUNDRMFAST,2026-09-14
NIFTY TRANSPORTATION & LOGISTICS,Nifty Trans Logis,TVSMOTOR,2026-09-14
NIFTY TRANSPORTATION & LOGISTICS,Nifty Trans Logis,TATAMTRDVR,2026-09-14
NIFTY TRANSPORTATION & LOGISTICS,Nifty Trans Logis,TATAMOTORS,2026-09-14
NIFTY TRANSPORTATION & LOGISTICS,Nifty Trans Logis,TIINDIA,2026-09-14
NIFTY MNC,Nifty MNC,3MINDIA,2026-09-14
NIFTY MNC,Nifty MNC,ABB,2026-09-14
NIFTY MNC,Nifty MNC,AWL,2026-09-14
NIFTY MNC,Nifty MNC,ABBOTINDIA,2026-09-14
NIFTY MNC,Nifty MNC,AMBUJACEM,2026-09-14
NIFTY MNC,Nifty MNC,ASHOKLEY,2026-09-14
NIFTY MNC,Nifty MNC,BOSCHLTD,2026-09-14
NIFTY MNC,Nifty MNC,BRITANNIA,2026-09-14
NIFTY MNC,Nifty MNC,CRISIL,2026-09-14
NIFTY MNC,Nifty MNC,CASTROLIND,2026-09-14
NIFTY MNC,Nifty MNC,COHANCE,2026-09-14
NIFTY MNC,Nifty MNC,COLPAL,2026-09-14
NIFTY MNC,Nifty MNC,CUMMINSIND,2026-09-14
NIFTY MNC,Nifty MNC,ESCORTS,2026-09-14
NIFTY MNC,Nifty MNC,GLAND,2026-09-14
NIFTY MNC,Nifty MNC,HINDUNILVR,2026-09-14
NIFTY MNC,Nifty MNC,POWERINDIA,2026-09-14
NIFTY MNC,Nifty MNC,HYUNDAI,2026-09-14
NIFTY MNC,Nifty MNC,LINDEINDIA,2026-09-14
NIFTY MNC,Nifty MNC,MARUTI,2026-09-14
NIFTY MNC,Nifty MNC,NESTLEIND,2026-09-14
NIFTY MNC,Nifty MNC,NAM-INDIA,2026-09-14
NIFTY MNC,Nifty MNC,OFSS,2026-09-14
NIFTY MNC,Nifty MNC,SCHAEFFLER,2026-09-14
NIFTY MNC,Nifty MNC,ENRIN,2026-09-14
NIFTY MNC,Nifty MNC,SIEMENS,2026-09-14
NIFTY MNC,Nifty MNC,TIMKEN,2026-09-14
NIFTY MNC,Nifty MNC,UBL,2026-09-14
NIFTY MNC,Nifty MNC,UNITDSPR,2026-09-14
NIFTY MNC,Nifty MNC,VEDL,2026-09-14
NIFTY EV & NEW AGE AUTOMOTIVE,Nifty EV,ARE&M,2026-09-14
NIFTY EV & NEW AGE AUTOMOTIVE,Nifty EV,ASHOKLEY,2026-09-14
NIFTY EV & NEW AGE AUTOMOTIVE,Nifty EV,BAJAJ-AUTO,2026-09-14
NIFTY EV & NEW AGE AUTOMOTIVE,Nifty EV,BHARATFORG,2026-09-14
NIFTY EV & NEW AGE AUTOMOTIVE,Nifty EV,BOSCHLTD,2026-09-14
NIFTY EV & NEW AGE AUTOMOTIVE,Nifty EV,CGPOWER,2026-09-14
NIFTY EV & NEW AGE AUTOMOTIVE,Nifty EV,EICHERMOT,2026-09-14
NIFTY EV & NEW AGE AUTOMOTIVE,Nifty EV,EXIDEIND,2026-09-14
NIFTY EV & NEW AGE AUTOMOTIVE,Nifty EV,FLUOROCHEM,2026-09-14
NIFTY EV & NEW AGE AUTOMOTIVE,Nifty EV,HEROMOTOCO,2026-09-14
NIFTY EV & NEW AGE AUTOMOTIVE,Nifty EV,HSCL,2026-09-14
NIFTY EV & NEW AGE AUTOMOTIVE,Nifty EV,JBMA,2026-09-14
NIFTY EV & NEW AGE AUTOMOTIVE,Nifty EV,JWL,2026-09-14
NIFTY EV & NEW AGE AUTOMOTIVE,Nifty EV,KPITTECH,2026-09-14
NIFTY EV & NEW AGE AUTOMOTIVE,Nifty EV,LTTS,2026-09-14
NIFTY EV & NEW AGE AUTOMOTIVE,Nifty EV,M&M,2026-09-14
NIFTY EV & NEW AGE AUTOMOTIVE,Nifty EV,MARUTI,2026-09-14
NIFTY EV & NEW AGE AUTOMOTIVE,Nifty EV,MINDACORP,2026-09-14
NIFTY EV & NEW AGE AUTOMOTIVE,Nifty EV,MSUMI,2026-09-14
NIFTY EV & NEW AGE AUTOMOTIVE,Nifty EV,OLECTRA,2026-09-14
NIFTY EV & NEW AGE AUTOMOTIVE,Nifty EV,RTNINDIA,2026-09-14
NIFTY EV & NEW AGE AUTOMOTIVE,Nifty EV,RELIANCE,2026-09-14
NIFTY EV & NEW AGE AUTOMOTIVE,Nifty EV,MOTHERSON,2026-09-14
NIFTY EV & NEW AGE AUTOMOTIVE,Nifty EV,SCHAEFFLER,2026-09-14
NIFTY EV & NEW AGE AUTOMOTIVE,Nifty EV,SONACOMS,2026-09-14
NIFTY EV & NEW AGE AUTOMOTIVE,Nifty EV,TVSMOTOR,2026-09-14
NIFTY EV & NEW AGE AUTOMOTIVE,Nifty EV,TATACHEM,2026-09-14
NIFTY EV & NEW AGE AUTOMOTIVE,Nifty EV,TATAELXSI,2026-09-14
NIFTY EV & NEW AGE AUTOMOTIVE,Nifty EV,TATAMOTORS,2026-09-14
NIFTY EV & NEW AGE AUTOMOTIVE,Nifty EV,TATATECH,2026-09-14
NIFTY EV & NEW AGE AUTOMOTIVE,Nifty EV,TIINDIA,2026-09-14
NIFTY EV & NEW AGE AUTOMOTIVE,Nifty EV,UNOMINDA,2026-09-14
NIFTY EV & NEW AGE AUTOMOTIVE,Nifty EV,VARROC,2026-09-14
NIFTY RURAL,Nifty Rural,ACC,2026-09-14
NIFTY RURAL,Nifty Rural,ADANIGREEN,2026-09-14
NIFTY RURAL,Nifty Rural,ADANIPOWER,2026-09-14
NIFTY RURAL,Nifty Rural,AMBUJACEM,2026-09-14
NIFTY RURAL,Nifty Rural,ASHOKLEY,2026-09-14
NIFTY RURAL,Nifty Rural,ASIANPAINT,2026-09-14
NIFTY RURAL,Nifty Rural,ASTRAL,2026-09-14
NIFTY RURAL,Nifty Rural,BAJAJ-AUTO,2026-09-14
NIFTY RURAL,Nifty Rural,BAJFINANCE,2026-09-14
NIFTY RURAL,Nifty Rural,BANDHANBNK,2026-09-14
NIFTY RURAL,Nifty Rural,BANKBARODA,2026-09-14
NIFTY RURAL,Nifty Rural,BANKINDIA,2026-09-14
NIFTY RURAL,Nifty Rural,BERGEPAINT,2026-09-14
NIFTY RURAL,Nifty Rural,BHARTIARTL,2026-09-14
NIFTY RURAL,Nifty Rural,BLUESTARCO,2026-09-14
NIFTY RURAL,Nifty Rural,BRITANNIA,2026-09-14
NIFTY RURAL,Nifty Rural,CHOLAFIN,2026-09-14
NIFTY RURAL,Nifty Rural,COLPAL,2026-09-14
NIFTY RURAL,Nifty Rural,COROMANDEL,2026-09-14
NIFTY RURAL,Nifty Rural,CROMPTON,2026-09-14
NIFTY RURAL,Nifty Rural,CUMMINSIND,2026-09-14
NIFTY RURAL,Nifty Rural,DABUR,2026-09-14
NIFTY RURAL,Nifty Rural,DALBHARAT,2026-09-14
NIFTY RURAL,Nifty Rural,DIXON,2026-09-14
NIFTY RURAL,Nifty Rural,EICHERMOT,2026-09-14
NIFTY RURAL,Nifty Rural,ESCORTS,2026-09-14
NIFTY RURAL,Nifty Rural,GODREJCP,2026-09-14
NIFTY RURAL,Nifty Rural,GRASIM,2026-09-14
NIFTY RURAL,Nifty Rural,HDFCLIFE,2026-09-14
NIFTY RURAL,Nifty Rural,HAVELLS,2026-09-14
NIFTY RURAL,Nifty Rural,HEROMOTOCO,2026-09-14
NIFTY RURAL,Nifty Rural,HINDUNILVR,2026-09-14
NIFTY RURAL,Nifty Rural,HYUNDAI,2026-09-14
NIFTY RURAL,Nifty Rural,ICICIPRULI,2026-09-14
NIFTY RURAL,Nifty Rural,ITC,2026-09-14
NIFTY RURAL,Nifty Rural,INDIANB,2026-09-14
NIFTY RURAL,Nifty Rural,IRCTC,2026-09-14
NIFTY RURAL,Nifty Rural,JKCEMENT,2026-09-14
NIFTY RURAL,Nifty Rural,JSWENERGY,2026-09-14
NIFTY RURAL,Nifty Rural,LTF,2026-09-14
NIFTY RURAL,Nifty Rural,LICHSGFIN,2026-09-14
NIFTY RURAL,Nifty Rural,LICI,2026-09-14
NIFTY RURAL,Nifty Rural,M&MFIN,2026-09-14
NIFTY RURAL,Nifty Rural,M&M,2026-09-14
NIFTY RURAL,Nifty Rural,MARICO,2026-09-14
NIFTY RURAL,Nifty Rural,MARUTI,2026-09-14
NIFTY RURAL,Nifty Rural,MFSL,2026-09-14
NIFTY RURAL,Nifty Rural,MUTHOOTFIN,2026-09-14
NIFTY RURAL,Nifty Rural,NHPC,2026-09-14
NIFTY RURAL,Nifty Rural,NTPC,2026-09-14
NIFTY RURAL,Nifty Rural,NESTLEIND,2026-09-14
NIFTY RURAL,Nifty Rural,PIIND,2026-09-14
NIFTY RURAL,Nifty Rural,PNBHOUSING,2026-09-14
NIFTY RURAL,Nifty Rural,PATANJALI,2026-09-14
NIFTY RURAL,Nifty Rural,PIRAMALFIN,2026-09-14
NIFTY RURAL,Nifty Rural,POONAWALLA,2026-09-14
NIFTY RURAL,Nifty Rural,PNB,2026-09-14
NIFTY RURAL,Nifty Rural,SBICARD,2026-09-14
NIFTY RURAL,Nifty Rural,SBILIFE,2026-09-14
NIFTY RURAL,Nifty Rural,SHREECEM,2026-09-14
NIFTY RURAL,Nifty Rural,SHRIRAMFIN,2026-09-14
NIFTY RURAL,Nifty Rural,SBIN,2026-09-14
NIFTY RURAL,Nifty Rural,SUNDARMFIN,2026-09-14
NIFTY RURAL,Nifty Rural,SUPREMEIND,2026-09-14
NIFTY RURAL,Nifty Rural,TVSMOTOR,2026-09-14
NIFTY RURAL,Nifty Rural,TATACOMM,2026-09-14
NIFTY RURAL,Nifty Rural,TATACONSUM,2026-09-14
NIFTY RURAL,Nifty Rural,TMCV,2026-09-14
NIFTY RURAL,Nifty Rural,TMPV,2026-09-14
NIFTY RURAL,Nifty Rural,TATAPOWER,2026-09-14
NIFTY RURAL,Nifty Rural,TORNTPOWER,2026-09-14
NIFTY RURAL,Nifty Rural,UPL,2026-09-14
NIFTY RURAL,Nifty Rural,ULTRACEMCO,2026-09-14
NIFTY RURAL,Nifty Rural,IDEA,2026-09-14
NIFTY RURAL,Nifty Rural,VOLTAS,2026-09-14
NIFTY INDIA CONSUMPTION,Nifty Consumption,ADANIPOWER,2026-09-14
NIFTY INDIA CONSUMPTION,Nifty Consumption,APOLLOHOSP,2026-09-14
NIFTY INDIA CONSUMPTION,Nifty Consumption,ASIANPAINT,2026-09-14
NIFTY INDIA CONSUMPTION,Nifty Consumption,DMART,2026-09-14
NIFTY INDIA CONSUMPTION,Nifty Consumption,BAJAJ-AUTO,2026-09-14
NIFTY INDIA CONSUMPTION,Nifty Consumption,BHARTIARTL,2026-09-14
NIFTY INDIA CONSUMPTION,Nifty Consumption,BRITANNIA,2026-09-14
NIFTY INDIA CONSUMPTION,Nifty Consumption,DLF,2026-09-14
NIFTY INDIA CONSUMPTION,Nifty Consumption,DIXON,2026-09-14
NIFTY INDIA CONSUMPTION,Nifty Consumption,EICHERMOT,2026-09-14
NIFTY INDIA CONSUMPTION,Nifty Consumption,ETERNAL,2026-09-14
NIFTY INDIA CONSUMPTION,Nifty Consumption,GODREJCP,2026-09-14
NIFTY INDIA CONSUMPTION,Nifty Consumption,HAVELLS,2026-09-14
NIFTY INDIA CONSUMPTION,Nifty Consumption,HEROMOTOCO,2026-09-14
NIFTY INDIA CONSUMPTION,Nifty Consumption,HINDUNILVR,2026-09-14
NIFTY INDIA CONSUMPTION,Nifty Consumption,ITC,2026-09-14
NIFTY INDIA CONSUMPTION,Nifty Consumption,INDHOTEL,2026-09-14
NIFTY INDIA CONSUMPTION,Nifty Consumption,NAUKRI,2026-09-14
NIFTY INDIA CONSUMPTION,Nifty Consumption,INDIGO,2026-09-14
NIFTY INDIA CONSUMPTION,Nifty Consumption,M&M,2026-09-14
NIFTY INDIA CONSUMPTION,Nifty Consumption,MARUTI,2026-09-14
NIFTY INDIA CONSUMPTION,Nifty Consumption,MAXHEALTH,2026-09-14
NIFTY INDIA CONSUMPTION,Nifty Consumption,NESTLEIND,2026-09-14
NIFTY INDIA CONSUMPTION,Nifty Consumption,TVSMOTOR,2026-09-14
NIFTY INDIA CONSUMPTION,Nifty Consumption,TATACONSUM,2026-09-14
NIFTY INDIA CONSUMPTION,Nifty Consumption,TATAPOWER,2026-09-14
NIFTY INDIA CONSUMPTION,Nifty Consumption,TITAN,2026-09-14
NIFTY INDIA CONSUMPTION,Nifty Consumption,TRENT,2026-09-14
NIFTY INDIA CONSUMPTION,Nifty Consumption,UNITDSPR,2026-09-14
NIFTY INDIA CONSUMPTION,Nifty Consumption,VBL,2026-09-14
NIFTY INDIA NEW AGE CONSUMPTION,Nifty New Consump,360ONE,2026-09-14
NIFTY INDIA NEW AGE CONSUMPTION,Nifty New Consump,ABLBL,2026-09-14
NIFTY INDIA NEW AGE CONSUMPTION,Nifty New Consump,ABREL,2026-09-14
NIFTY INDIA NEW AGE CONSUMPTION,Nifty New Consump,AMBER,2026-09-14
NIFTY INDIA NEW AGE CONSUMPTION,Nifty New Consump,ANANTRAJ,2026-09-14
NIFTY INDIA NEW AGE CONSUMPTION,Nifty New Consump,ANGELONE,2026-09-14
NIFTY INDIA NEW AGE CONSUMPTION,Nifty New Consump,ATHERENERG,2026-09-14
NIFTY INDIA NEW AGE CONSUMPTION,Nifty New Consump,DMART,2026-09-14
NIFTY INDIA NEW AGE CONSUMPTION,Nifty New Consump,BAJAJ-AUTO,2026-09-14
NIFTY INDIA NEW AGE CONSUMPTION,Nifty New Consump,BATAINDIA,2026-09-14
NIFTY INDIA NEW AGE CONSUMPTION,Nifty New Consump,BHARTIARTL,2026-09-14
NIFTY INDIA NEW AGE CONSUMPTION,Nifty New Consump,BHARTIHEXA,2026-09-14
NIFTY INDIA NEW AGE CONSUMPTION,Nifty New Consump,GROWW,2026-09-14
NIFTY INDIA NEW AGE CONSUMPTION,Nifty New Consump,BLUESTARCO,2026-09-14
NIFTY INDIA NEW AGE CONSUMPTION,Nifty New Consump,FIRSTCRY,2026-09-14
NIFTY INDIA NEW AGE CONSUMPTION,Nifty New Consump,BRIGADE,2026-09-14
NIFTY INDIA NEW AGE CONSUMPTION,Nifty New Consump,CARTRADE,2026-09-14
NIFTY INDIA NEW AGE CONSUMPTION,Nifty New Consump,CHALET,2026-09-14
NIFTY INDIA NEW AGE CONSUMPTION,Nifty New Consump,CROMPTON,2026-09-14
NIFTY INDIA NEW AGE CONSUMPTION,Nifty New Consump,DLF,2026-09-14
NIFTY INDIA NEW AGE CONSUMPTION,Nifty New Consump,DEVYANI,2026-09-14
NIFTY INDIA NEW AGE CONSUMPTION,Nifty New Consump,DIXON,2026-09-14
NIFTY INDIA NEW AGE CONSUMPTION,Nifty New Consump,EIHOTEL,2026-09-14
NIFTY INDIA NEW AGE CONSUMPTION,Nifty New Consump,EICHERMOT,2026-09-14
NIFTY INDIA NEW AGE CONSUMPTION,Nifty New Consump,ETERNAL,2026-09-14
NIFTY INDIA NEW AGE CONSUMPTION,Nifty New Consump,NYKAA,2026-09-14
NIFTY INDIA NEW AGE CONSUMPTION,Nifty New Consump,FORCEMOT,2026-09-14
NIFTY INDIA NEW AGE CONSUMPTION,Nifty New Consump,GODREJPROP,2026-09-14
NIFTY INDIA NEW AGE CONSUMPTION,Nifty New Consump,HDFCAMC,2026-09-14
NIFTY INDIA NEW AGE CONSUMPTION,Nifty New Consump,HAVELLS,2026-09-14
NIFTY INDIA NEW AGE CONSUMPTION,Nifty New Consump,HEROMOTOCO,2026-09-14
NIFTY INDIA NEW AGE CONSUMPTION,Nifty New Consump,HYUNDAI,2026-09-14
NIFTY INDIA NEW AGE CONSUMPTION,Nifty New Consump,ICICIAMC,2026-09-14
NIFTY INDIA NEW AGE CONSUMPTION,Nifty New Consump,ITCHOTELS,2026-09-14
NIFTY INDIA NEW AGE CONSUMPTION,Nifty New Consump,INDIAMART,2026-09-14
NIFTY INDIA NEW AGE CONSUMPTION,Nifty New Consump,INDHOTEL,2026-09-14
NIFTY INDIA NEW AGE CONSUMPTION,Nifty New Consump,IRCTC,2026-09-14
NIFTY INDIA NEW AGE CONSUMPTION,Nifty New Consump,NAUKRI,2026-09-14
NIFTY INDIA NEW AGE CONSUMPTION,Nifty New Consump,INDIGO,2026-09-14
NIFTY INDIA NEW AGE CONSUMPTION,Nifty New Consump,JUBLFOOD,2026-09-14
NIFTY INDIA NEW AGE CONSUMPTION,Nifty New Consump,KPRMILL,2026-09-14
NIFTY INDIA NEW AGE CONSUMPTION,Nifty New Consump,KALYANKJIL,2026-09-14
NIFTY INDIA NEW AGE CONSUMPTION,Nifty New Consump,LGEINDIA,2026-09-14
NIFTY INDIA NEW AGE CONSUMPTION,Nifty New Consump,LEMONTREE,2026-09-14
NIFTY INDIA NEW AGE CONSUMPTION,Nifty New Consump,LENSKART,2026-09-14
NIFTY INDIA NEW AGE CONSUMPTION,Nifty New Consump,LODHA,2026-09-14
NIFTY INDIA NEW AGE CONSUMPTION,Nifty New Consump,M&M,2026-09-14
NIFTY INDIA NEW AGE CONSUMPTION,Nifty New Consump,MARUTI,2026-09-14
NIFTY INDIA NEW AGE CONSUMPTION,Nifty New Consump,MOTILALOFS,2026-09-14
NIFTY INDIA NEW AGE CONSUMPTION,Nifty New Consump,NAM-INDIA,2026-09-14
NIFTY INDIA NEW AGE CONSUMPTION,Nifty New Consump,NUVAMA,2026-09-14
NIFTY INDIA NEW AGE CONSUMPTION,Nifty New Consump,OBEROIRLTY,2026-09-14
NIFTY INDIA NEW AGE CONSUMPTION,Nifty New Consump,OLAELEC,2026-09-14
NIFTY INDIA NEW AGE CONSUMPTION,Nifty New Consump,PAYTM,2026-09-14
NIFTY INDIA NEW AGE CONSUMPTION,Nifty New Consump,POLICYBZR,2026-09-14
NIFTY INDIA NEW AGE CONSUMPTION,Nifty New Consump,PGEL,2026-09-14
NIFTY INDIA NEW AGE CONSUMPTION,Nifty New Consump,PVRINOX,2026-09-14
NIFTY INDIA NEW AGE CONSUMPTION,Nifty New Consump,PAGEIND,2026-09-14
NIFTY INDIA NEW AGE CONSUMPTION,Nifty New Consump,PHOENIXLTD,2026-09-14
NIFTY INDIA NEW AGE CONSUMPTION,Nifty New Consump,PWL,2026-09-14
NIFTY INDIA NEW AGE CONSUMPTION,Nifty New Consump,PRESTIGE,2026-09-14
NIFTY INDIA NEW AGE CONSUMPTION,Nifty New Consump,SAPPHIRE,2026-09-14
NIFTY INDIA NEW AGE CONSUMPTION,Nifty New Consump,SAREGAMA,2026-09-14
NIFTY INDIA NEW AGE CONSUMPTION,Nifty New Consump,SOBHA,2026-09-14
NIFTY INDIA NEW AGE CONSUMPTION,Nifty New Consump,SWIGGY,2026-09-14
NIFTY INDIA NEW AGE CONSUMPTION,Nifty New Consump,TVSMOTOR,2026-09-14
NIFTY INDIA NEW AGE CONSUMPTION,Nifty New Consump,TATACOMM,2026-09-14
NIFTY INDIA NEW AGE CONSUMPTION,Nifty New Consump,TMPV,2026-09-14
NIFTY INDIA NEW AGE CONSUMPTION,Nifty New Consump,TITAN,2026-09-14
NIFTY INDIA NEW AGE CONSUMPTION,Nifty New Consump,TRENT,2026-09-14
NIFTY INDIA NEW AGE CONSUMPTION,Nifty New Consump,VMM,2026-09-14
NIFTY INDIA NEW AGE CONSUMPTION,Nifty New Consump,IDEA,2026-09-14
NIFTY INDIA NEW AGE CONSUMPTION,Nifty New Consump,VOLTAS,2026-09-14
NIFTY INDIA NEW AGE CONSUMPTION,Nifty New Consump,WHIRLPOOL,2026-09-14
NIFTY INDIA NEW AGE CONSUMPTION,Nifty New Consump,ZEEL,2026-09-14
NIFTY NON-CYCLICAL CONSUMER,Nifty NonCyc Cons,ASIANPAINT,2026-09-14
NIFTY NON-CYCLICAL CONSUMER,Nifty NonCyc Cons,DMART,2026-09-14
NIFTY NON-CYCLICAL CONSUMER,Nifty NonCyc Cons,BHARTIARTL,2026-09-14
NIFTY NON-CYCLICAL CONSUMER,Nifty NonCyc Cons,BRITANNIA,2026-09-14
NIFTY NON-CYCLICAL CONSUMER,Nifty NonCyc Cons,COLPAL,2026-09-14
NIFTY NON-CYCLICAL CONSUMER,Nifty NonCyc Cons,DABUR,2026-09-14
NIFTY NON-CYCLICAL CONSUMER,Nifty NonCyc Cons,DIXON,2026-09-14
NIFTY NON-CYCLICAL CONSUMER,Nifty NonCyc Cons,ETERNAL,2026-09-14
NIFTY NON-CYCLICAL CONSUMER,Nifty NonCyc Cons,NYKAA,2026-09-14
NIFTY NON-CYCLICAL CONSUMER,Nifty NonCyc Cons,GODREJCP,2026-09-14
NIFTY NON-CYCLICAL CONSUMER,Nifty NonCyc Cons,HAVELLS,2026-09-14
NIFTY NON-CYCLICAL CONSUMER,Nifty NonCyc Cons,HINDUNILVR,2026-09-14
NIFTY NON-CYCLICAL CONSUMER,Nifty NonCyc Cons,ITC,2026-09-14
NIFTY NON-CYCLICAL CONSUMER,Nifty NonCyc Cons,INDHOTEL,2026-09-14
NIFTY NON-CYCLICAL CONSUMER,Nifty NonCyc Cons,IRCTC,2026-09-14
NIFTY NON-CYCLICAL CONSUMER,Nifty NonCyc Cons,NAUKRI,2026-09-14
NIFTY NON-CYCLICAL CONSUMER,Nifty NonCyc Cons,INDIGO,2026-09-14
NIFTY NON-CYCLICAL CONSUMER,Nifty NonCyc Cons,JUBLFOOD,2026-09-14
NIFTY NON-CYCLICAL CONSUMER,Nifty NonCyc Cons,MARICO,2026-09-14
NIFTY NON-CYCLICAL CONSUMER,Nifty NonCyc Cons,NESTLEIND,2026-09-14
NIFTY NON-CYCLICAL CONSUMER,Nifty NonCyc Cons,PAGEIND,2026-09-14
NIFTY NON-CYCLICAL CONSUMER,Nifty NonCyc Cons,SWIGGY,2026-09-14
NIFTY NON-CYCLICAL CONSUMER,Nifty NonCyc Cons,TATACOMM,2026-09-14
NIFTY NON-CYCLICAL CONSUMER,Nifty NonCyc Cons,TATACONSUM,2026-09-14
NIFTY NON-CYCLICAL CONSUMER,Nifty NonCyc Cons,TITAN,2026-09-14
NIFTY NON-CYCLICAL CONSUMER,Nifty NonCyc Cons,TRENT,2026-09-14
NIFTY NON-CYCLICAL CONSUMER,Nifty NonCyc Cons,UNITDSPR,2026-09-14
NIFTY NON-CYCLICAL CONSUMER,Nifty NonCyc Cons,VBL,2026-09-14
NIFTY NON-CYCLICAL CONSUMER,Nifty NonCyc Cons,VMM,2026-09-14
NIFTY NON-CYCLICAL CONSUMER,Nifty NonCyc Cons,VOLTAS,2026-09-14
NIFTY CONGLOMERATE 50,NiftyConglomerate,ADANIENT,2026-09-14
NIFTY CONGLOMERATE 50,NiftyConglomerate,ADANIGREEN,2026-09-14
NIFTY CONGLOMERATE 50,NiftyConglomerate,ADANIPORTS,2026-09-14
NIFTY CONGLOMERATE 50,NiftyConglomerate,ADANIPOWER,2026-09-14
NIFTY CONGLOMERATE 50,NiftyConglomerate,ABCAPITAL,2026-09-14
NIFTY CONGLOMERATE 50,NiftyConglomerate,AMBUJACEM,2026-09-14
NIFTY CONGLOMERATE 50,NiftyConglomerate,BAJAJ-AUTO,2026-09-14
NIFTY CONGLOMERATE 50,NiftyConglomerate,BAJFINANCE,2026-09-14
NIFTY CONGLOMERATE 50,NiftyConglomerate,BAJAJFINSV,2026-09-14
NIFTY CONGLOMERATE 50,NiftyConglomerate,BAJAJHLDNG,2026-09-14
NIFTY CONGLOMERATE 50,NiftyConglomerate,BAJAJHFL,2026-09-14
NIFTY CONGLOMERATE 50,NiftyConglomerate,CESC,2026-09-14
NIFTY CONGLOMERATE 50,NiftyConglomerate,CGPOWER,2026-09-14
NIFTY CONGLOMERATE 50,NiftyConglomerate,CEATLTD,2026-09-14
NIFTY CONGLOMERATE 50,NiftyConglomerate,CHOLAHLDNG,2026-09-14
NIFTY CONGLOMERATE 50,NiftyConglomerate,CHOLAFIN,2026-09-14
NIFTY CONGLOMERATE 50,NiftyConglomerate,COROMANDEL,2026-09-14
NIFTY CONGLOMERATE 50,NiftyConglomerate,FSL,2026-09-14
NIFTY CONGLOMERATE 50,NiftyConglomerate,GODREJCP,2026-09-14
NIFTY CONGLOMERATE 50,NiftyConglomerate,GODREJIND,2026-09-14
NIFTY CONGLOMERATE 50,NiftyConglomerate,GODREJPROP,2026-09-14
NIFTY CONGLOMERATE 50,NiftyConglomerate,GRASIM,2026-09-14
NIFTY CONGLOMERATE 50,NiftyConglomerate,HINDALCO,2026-09-14
NIFTY CONGLOMERATE 50,NiftyConglomerate,JSWENERGY,2026-09-14
NIFTY CONGLOMERATE 50,NiftyConglomerate,JSWINFRA,2026-09-14
NIFTY CONGLOMERATE 50,NiftyConglomerate,JSWSTEEL,2026-09-14
NIFTY CONGLOMERATE 50,NiftyConglomerate,JSL,2026-09-14
NIFTY CONGLOMERATE 50,NiftyConglomerate,JINDALSTEL,2026-09-14
NIFTY CONGLOMERATE 50,NiftyConglomerate,JUBLFOOD,2026-09-14
NIFTY CONGLOMERATE 50,NiftyConglomerate,JUBLINGREA,2026-09-14
NIFTY CONGLOMERATE 50,NiftyConglomerate,JUBLPHARMA,2026-09-14
NIFTY CONGLOMERATE 50,NiftyConglomerate,KEC,2026-09-14
NIFTY CONGLOMERATE 50,NiftyConglomerate,LTF,2026-09-14
NIFTY CONGLOMERATE 50,NiftyConglomerate,LTTS,2026-09-14
NIFTY CONGLOMERATE 50,NiftyConglomerate,LTM,2026-09-14
NIFTY CONGLOMERATE 50,NiftyConglomerate,LT,2026-09-14
NIFTY CONGLOMERATE 50,NiftyConglomerate,M&MFIN,2026-09-14
NIFTY CONGLOMERATE 50,NiftyConglomerate,M&M,2026-09-14
NIFTY CONGLOMERATE 50,NiftyConglomerate,PCBL,2026-09-14
NIFTY CONGLOMERATE 50,NiftyConglomerate,SAREGAMA,2026-09-14
NIFTY CONGLOMERATE 50,NiftyConglomerate,TCS,2026-09-14
NIFTY CONGLOMERATE 50,NiftyConglomerate,TMCV,2026-09-14
NIFTY CONGLOMERATE 50,NiftyConglomerate,TATASTEEL,2026-09-14
NIFTY CONGLOMERATE 50,NiftyConglomerate,TECHM,2026-09-14
NIFTY CONGLOMERATE 50,NiftyConglomerate,TITAN,2026-09-14
NIFTY CONGLOMERATE 50,NiftyConglomerate,TRENT,2026-09-14
NIFTY CONGLOMERATE 50,NiftyConglomerate,TIINDIA,2026-09-14
NIFTY CONGLOMERATE 50,NiftyConglomerate,ULTRACEMCO,2026-09-14
NIFTY CONGLOMERATE 50,NiftyConglomerate,IDEA,2026-09-14
NIFTY CONGLOMERATE 50,NiftyConglomerate,ZENSARTECH,2026-09-14
NIFTY INDIA DIGITAL,NIFTY IND DIGITAL,AFFLE,2026-09-14
NIFTY INDIA DIGITAL,NIFTY IND DIGITAL,BLS,2026-09-14
NIFTY INDIA DIGITAL,NIFTY IND DIGITAL,BHARTIARTL,2026-09-14
NIFTY INDIA DIGITAL,NIFTY IND DIGITAL,BHARTIHEXA,2026-09-14
NIFTY INDIA DIGITAL,NIFTY IND DIGITAL,BSOFT,2026-09-14
NIFTY INDIA DIGITAL,NIFTY IND DIGITAL,FIRSTCRY,2026-09-14
NIFTY INDIA DIGITAL,NIFTY IND DIGITAL,MAPMYINDIA,2026-09-14
NIFTY INDIA DIGITAL,NIFTY IND DIGITAL,CARTRADE,2026-09-14
NIFTY INDIA DIGITAL,NIFTY IND DIGITAL,COFORGE,2026-09-14
NIFTY INDIA DIGITAL,NIFTY IND DIGITAL,CYIENT,2026-09-14
NIFTY INDIA DIGITAL,NIFTY IND DIGITAL,ETERNAL,2026-09-14
NIFTY INDIA DIGITAL,NIFTY IND DIGITAL,NYKAA,2026-09-14
NIFTY INDIA DIGITAL,NIFTY IND DIGITAL,HCLTECH,2026-09-14
NIFTY INDIA DIGITAL,NIFTY IND DIGITAL,HEXT,2026-09-14
NIFTY INDIA DIGITAL,NIFTY IND DIGITAL,ITI,2026-09-14
NIFTY INDIA DIGITAL,NIFTY IND DIGITAL,INDIAMART,2026-09-14
NIFTY INDIA DIGITAL,NIFTY IND DIGITAL,IRCTC,2026-09-14
NIFTY INDIA DIGITAL,NIFTY IND DIGITAL,NAUKRI,2026-09-14
NIFTY INDIA DIGITAL,NIFTY IND DIGITAL,INFY,2026-09-14
NIFTY INDIA DIGITAL,NIFTY IND DIGITAL,INTELLECT,2026-09-14
NIFTY INDIA DIGITAL,NIFTY IND DIGITAL,IKS,2026-09-14
NIFTY INDIA DIGITAL,NIFTY IND DIGITAL,KPITTECH,2026-09-14
NIFTY INDIA DIGITAL,NIFTY IND DIGITAL,LTTS,2026-09-14
NIFTY INDIA DIGITAL,NIFTY IND DIGITAL,LTM,2026-09-14
NIFTY INDIA DIGITAL,NIFTY IND DIGITAL,LATENTVIEW,2026-09-14
NIFTY INDIA DIGITAL,NIFTY IND DIGITAL,MEESHO,2026-09-14
NIFTY INDIA DIGITAL,NIFTY IND DIGITAL,MPHASIS,2026-09-14
NIFTY INDIA DIGITAL,NIFTY IND DIGITAL,NETWEB,2026-09-14
NIFTY INDIA DIGITAL,NIFTY IND DIGITAL,NEWGEN,2026-09-14
NIFTY INDIA DIGITAL,NIFTY IND DIGITAL,PAYTM,2026-09-14
NIFTY INDIA DIGITAL,NIFTY IND DIGITAL,OFSS,2026-09-14
NIFTY INDIA DIGITAL,NIFTY IND DIGITAL,POLICYBZR,2026-09-14
NIFTY INDIA DIGITAL,NIFTY IND DIGITAL,PERSISTENT,2026-09-14
NIFTY INDIA DIGITAL,NIFTY IND DIGITAL,PWL,2026-09-14
NIFTY INDIA DIGITAL,NIFTY IND DIGITAL,PINELABS,2026-09-14
NIFTY INDIA DIGITAL,NIFTY IND DIGITAL,RAILTEL,2026-09-14
NIFTY INDIA DIGITAL,NIFTY IND DIGITAL,SAGILITY,2026-09-14
NIFTY INDIA DIGITAL,NIFTY IND DIGITAL,SONATSOFTW,2026-09-14
NIFTY INDIA DIGITAL,NIFTY IND DIGITAL,SWIGGY,2026-09-14
NIFTY INDIA DIGITAL,NIFTY IND DIGITAL,TBOTEK,2026-09-14
NIFTY INDIA DIGITAL,NIFTY IND DIGITAL,TATACOMM,2026-09-14
NIFTY INDIA DIGITAL,NIFTY IND DIGITAL,TCS,2026-09-14
NIFTY INDIA DIGITAL,NIFTY IND DIGITAL,TATAELXSI,2026-09-14
NIFTY INDIA DIGITAL,NIFTY IND DIGITAL,TATATECH,2026-09-14
NIFTY INDIA DIGITAL,NIFTY IND DIGITAL,TTML,2026-09-14
NIFTY INDIA DIGITAL,NIFTY IND DIGITAL,TECHM,2026-09-14
NIFTY INDIA DIGITAL,NIFTY IND DIGITAL,TEJASNET,2026-09-14
NIFTY INDIA DIGITAL,NIFTY IND DIGITAL,URBANCO,2026-09-14
NIFTY INDIA DIGITAL,NIFTY IND DIGITAL,IDEA,2026-09-14
NIFTY INDIA DIGITAL,NIFTY IND DIGITAL,WIPRO,2026-09-14
NIFTY INDIA DIGITAL,NIFTY IND DIGITAL,ZENSARTECH,2026-09-14
NIFTY INDIA MANUFACTURING,NIFTY INDIA MFG,ABB,2026-09-14
NIFTY INDIA MANUFACTURING,NIFTY INDIA MFG,AIAENG,2026-09-14
NIFTY INDIA MANUFACTURING,NIFTY INDIA MFG,APLAPOLLO,2026-09-14
NIFTY INDIA MANUFACTURING,NIFTY INDIA MFG,ALKEM,2026-09-14
NIFTY INDIA MANUFACTURING,NIFTY INDIA MFG,ANTHEM,2026-09-14
NIFTY INDIA MANUFACTURING,NIFTY INDIA MFG,ASHOKLEY,2026-09-14
NIFTY INDIA MANUFACTURING,NIFTY INDIA MFG,ASTRAL,2026-09-14
NIFTY INDIA MANUFACTURING,NIFTY INDIA MFG,AUROPHARMA,2026-09-14
NIFTY INDIA MANUFACTURING,NIFTY INDIA MFG,BAJAJ-AUTO,2026-09-14
NIFTY INDIA MANUFACTURING,NIFTY INDIA MFG,BALKRISIND,2026-09-14
NIFTY INDIA MANUFACTURING,NIFTY INDIA MFG,BEL,2026-09-14
NIFTY INDIA MANUFACTURING,NIFTY INDIA MFG,BHARATFORG,2026-09-14
NIFTY INDIA MANUFACTURING,NIFTY INDIA MFG,BHEL,2026-09-14
NIFTY INDIA MANUFACTURING,NIFTY INDIA MFG,BPCL,2026-09-14
NIFTY INDIA MANUFACTURING,NIFTY INDIA MFG,BLUESTARCO,2026-09-14
NIFTY INDIA MANUFACTURING,NIFTY INDIA MFG,BOSCHLTD,2026-09-14
NIFTY INDIA MANUFACTURING,NIFTY INDIA MFG,CGPOWER,2026-09-14
NIFTY INDIA MANUFACTURING,NIFTY INDIA MFG,CASTROLIND,2026-09-14
NIFTY INDIA MANUFACTURING,NIFTY INDIA MFG,CIPLA,2026-09-14
NIFTY INDIA MANUFACTURING,NIFTY INDIA MFG,COCHINSHIP,2026-09-14
NIFTY INDIA MANUFACTURING,NIFTY INDIA MFG,COROMANDEL,2026-09-14
NIFTY INDIA MANUFACTURING,NIFTY INDIA MFG,CROMPTON,2026-09-14
NIFTY INDIA MANUFACTURING,NIFTY INDIA MFG,CUMMINSIND,2026-09-14
NIFTY INDIA MANUFACTURING,NIFTY INDIA MFG,DIVISLAB,2026-09-14
NIFTY INDIA MANUFACTURING,NIFTY INDIA MFG,DIXON,2026-09-14
NIFTY INDIA MANUFACTURING,NIFTY INDIA MFG,DRREDDY,2026-09-14
NIFTY INDIA MANUFACTURING,NIFTY INDIA MFG,EICHERMOT,2026-09-14
NIFTY INDIA MANUFACTURING,NIFTY INDIA MFG,ESCORTS,2026-09-14
NIFTY INDIA MANUFACTURING,NIFTY INDIA MFG,GVT&D,2026-09-14
NIFTY INDIA MANUFACTURING,NIFTY INDIA MFG,HAVELLS,2026-09-14
NIFTY INDIA MANUFACTURING,NIFTY INDIA MFG,HSCL,2026-09-14
NIFTY INDIA MANUFACTURING,NIFTY INDIA MFG,HINDALCO,2026-09-14
NIFTY INDIA MANUFACTURING,NIFTY INDIA MFG,HAL,2026-09-14
NIFTY INDIA MANUFACTURING,NIFTY INDIA MFG,HINDCOPPER,2026-09-14
NIFTY INDIA MANUFACTURING,NIFTY INDIA MFG,HINDZINC,2026-09-14
NIFTY INDIA MANUFACTURING,NIFTY INDIA MFG,HONAUT,2026-09-14
NIFTY INDIA MANUFACTURING,NIFTY INDIA MFG,HYUNDAI,2026-09-14
NIFTY INDIA MANUFACTURING,NIFTY INDIA MFG,IOC,2026-09-14
NIFTY INDIA MANUFACTURING,NIFTY INDIA MFG,JSWSTEEL,2026-09-14
NIFTY INDIA MANUFACTURING,NIFTY INDIA MFG,JINDALSTEL,2026-09-14
NIFTY INDIA MANUFACTURING,NIFTY INDIA MFG,KPRMILL,2026-09-14
NIFTY INDIA MANUFACTURING,NIFTY INDIA MFG,KEI,2026-09-14
NIFTY INDIA MANUFACTURING,NIFTY INDIA MFG,KAYNES,2026-09-14
NIFTY INDIA MANUFACTURING,NIFTY INDIA MFG,LAURUSLABS,2026-09-14
NIFTY INDIA MANUFACTURING,NIFTY INDIA MFG,LINDEINDIA,2026-09-14
NIFTY INDIA MANUFACTURING,NIFTY INDIA MFG,LUPIN,2026-09-14
NIFTY INDIA MANUFACTURING,NIFTY INDIA MFG,MRF,2026-09-14
NIFTY INDIA MANUFACTURING,NIFTY INDIA MFG,M&M,2026-09-14
NIFTY INDIA MANUFACTURING,NIFTY INDIA MFG,MARUTI,2026-09-14
NIFTY INDIA MANUFACTURING,NIFTY INDIA MFG,MAZDOCK,2026-09-14
NIFTY INDIA MANUFACTURING,NIFTY INDIA MFG,NAVINFLUOR,2026-09-14
NIFTY INDIA MANUFACTURING,NIFTY INDIA MFG,PIIND,2026-09-14
NIFTY INDIA MANUFACTURING,NIFTY INDIA MFG,PAGEIND,2026-09-14
NIFTY INDIA MANUFACTURING,NIFTY INDIA MFG,PIDILITIND,2026-09-14
NIFTY INDIA MANUFACTURING,NIFTY INDIA MFG,POLYCAB,2026-09-14
NIFTY INDIA MANUFACTURING,NIFTY INDIA MFG,RELIANCE,2026-09-14
NIFTY INDIA MANUFACTURING,NIFTY INDIA MFG,SRF,2026-09-14
NIFTY INDIA MANUFACTURING,NIFTY INDIA MFG,MOTHERSON,2026-09-14
NIFTY INDIA MANUFACTURING,NIFTY INDIA MFG,ENRIN,2026-09-14
NIFTY INDIA MANUFACTURING,NIFTY INDIA MFG,SIEMENS,2026-09-14
NIFTY INDIA MANUFACTURING,NIFTY INDIA MFG,SOLARINDS,2026-09-14
NIFTY INDIA MANUFACTURING,NIFTY INDIA MFG,SONACOMS,2026-09-14
NIFTY INDIA MANUFACTURING,NIFTY INDIA MFG,SUNPHARMA,2026-09-14
NIFTY INDIA MANUFACTURING,NIFTY INDIA MFG,SUPREMEIND,2026-09-14
NIFTY INDIA MANUFACTURING,NIFTY INDIA MFG,SUZLON,2026-09-14
NIFTY INDIA MANUFACTURING,NIFTY INDIA MFG,TVSMOTOR,2026-09-14
NIFTY INDIA MANUFACTURING,NIFTY INDIA MFG,TMCV,2026-09-14
NIFTY INDIA MANUFACTURING,NIFTY INDIA MFG,TMPV,2026-09-14
NIFTY INDIA MANUFACTURING,NIFTY INDIA MFG,TATASTEEL,2026-09-14
NIFTY INDIA MANUFACTURING,NIFTY INDIA MFG,TORNTPHARM,2026-09-14
NIFTY INDIA MANUFACTURING,NIFTY INDIA MFG,TIINDIA,2026-09-14
NIFTY INDIA MANUFACTURING,NIFTY INDIA MFG,UNOMINDA,2026-09-14
NIFTY INDIA MANUFACTURING,NIFTY INDIA MFG,UPL,2026-09-14
NIFTY INDIA MANUFACTURING,NIFTY INDIA MFG,VEDL,2026-09-14
NIFTY INDIA MANUFACTURING,NIFTY INDIA MFG,VOLTAS,2026-09-14
NIFTY INDIA MANUFACTURING,NIFTY INDIA MFG,ZYDUSLIFE,2026-09-14
NIFTY AUTO,Nifty Auto,ASHOKLEY,2026-09-14
NIFTY AUTO,Nifty Auto,BAJAJ-AUTO,2026-09-14
NIFTY AUTO,Nifty Auto,BHARATFORG,2026-09-14
NIFTY AUTO,Nifty Auto,BOSCHLTD,2026-09-14
NIFTY AUTO,Nifty Auto,EICHERMOT,2026-09-14
NIFTY AUTO,Nifty Auto,EXIDEIND,2026-09-14
NIFTY AUTO,Nifty Auto,HEROMOTOCO,2026-09-14
NIFTY AUTO,Nifty Auto,M&M,2026-09-14
NIFTY AUTO,Nifty Auto,MARUTI,2026-09-14
NIFTY AUTO,Nifty Auto,MOTHERSON,2026-09-14
NIFTY AUTO,Nifty Auto,SONACOMS,2026-09-14
NIFTY AUTO,Nifty Auto,TVSMOTOR,2026-09-14
NIFTY AUTO,Nifty Auto,TMPV,2026-09-14
NIFTY AUTO,Nifty Auto,TIINDIA,2026-09-14
NIFTY AUTO,Nifty Auto,UNOMINDA,2026-09-14
NIFTY BANK,Nifty Bank,AUBANK,2026-09-14
NIFTY BANK,Nifty Bank,AXISBANK,2026-09-14
NIFTY BANK,Nifty Bank,BANKBARODA,2026-09-14
NIFTY BANK,Nifty Bank,CANBK,2026-09-14
NIFTY BANK,Nifty Bank,FEDERALBNK,2026-09-14
NIFTY BANK,Nifty Bank,HDFCBANK,2026-09-14
NIFTY BANK,Nifty Bank,ICICIBANK,2026-09-14
NIFTY BANK,Nifty Bank,IDFCFIRSTB,2026-09-14
NIFTY BANK,Nifty Bank,INDUSINDBK,2026-09-14
NIFTY BANK,Nifty Bank,KOTAKBANK,2026-09-14
NIFTY BANK,Nifty Bank,PNB,2026-09-14
NIFTY BANK,Nifty Bank,SBIN,2026-09-14
NIFTY BANK,Nifty Bank,UNIONBANK,2026-09-14
NIFTY BANK,Nifty Bank,YESBANK,2026-09-14
NIFTY FINANCIAL SERVICES,Nifty Fin Service,AXISBANK,2026-09-14
NIFTY FINANCIAL SERVICES,Nifty Fin Service,BSE,2026-09-14
NIFTY FINANCIAL SERVICES,Nifty Fin Service,BAJFINANCE,2026-09-14
NIFTY FINANCIAL SERVICES,Nifty Fin Service,BAJAJFINSV,2026-09-14
NIFTY FINANCIAL SERVICES,Nifty Fin Service,CHOLAFIN,2026-09-14
NIFTY FINANCIAL SERVICES,Nifty Fin Service,HDFCBANK,2026-09-14
NIFTY FINANCIAL SERVICES,Nifty Fin Service,HDFCLIFE,2026-09-14
NIFTY FINANCIAL SERVICES,Nifty Fin Service,ICICIBANK,2026-09-14
NIFTY FINANCIAL SERVICES,Nifty Fin Service,ICICIGI,2026-09-14
NIFTY FINANCIAL SERVICES,Nifty Fin Service,JIOFIN,2026-09-14
NIFTY FINANCIAL SERVICES,Nifty Fin Service,KOTAKBANK,2026-09-14
NIFTY FINANCIAL SERVICES,Nifty Fin Service,LICHSGFIN,2026-09-14
NIFTY FINANCIAL SERVICES,Nifty Fin Service,MFSL,2026-09-14
NIFTY FINANCIAL SERVICES,Nifty Fin Service,MUTHOOTFIN,2026-09-14
NIFTY FINANCIAL SERVICES,Nifty Fin Service,PFC,2026-09-14
NIFTY FINANCIAL SERVICES,Nifty Fin Service,RECLTD,2026-09-14
NIFTY FINANCIAL SERVICES,Nifty Fin Service,SBICARD,2026-09-14
NIFTY FINANCIAL SERVICES,Nifty Fin Service,SBILIFE,2026-09-14
NIFTY FINANCIAL SERVICES,Nifty Fin Service,SHRIRAMFIN,2026-09-14
NIFTY FINANCIAL SERVICES,Nifty Fin Service,SBIN,2026-09-14
NIFTY FINANCIAL SERVICES EX-BANK,Nifty FinSerExBnk,360ONE,2026-09-14
NIFTY FINANCIAL SERVICES EX-BANK,Nifty FinSerExBnk,ABCAPITAL,2026-09-14
NIFTY FINANCIAL SERVICES EX-BANK,Nifty FinSerExBnk,ANGELONE,2026-09-14
NIFTY FINANCIAL SERVICES EX-BANK,Nifty FinSerExBnk,BSE,2026-09-14
NIFTY FINANCIAL SERVICES EX-BANK,Nifty FinSerExBnk,BAJFINANCE,2026-09-14
NIFTY FINANCIAL SERVICES EX-BANK,Nifty FinSerExBnk,BAJAJFINSV,2026-09-14
NIFTY FINANCIAL SERVICES EX-BANK,Nifty FinSerExBnk,BAJAJHLDNG,2026-09-14
NIFTY FINANCIAL SERVICES EX-BANK,Nifty FinSerExBnk,CDSL,2026-09-14
NIFTY FINANCIAL SERVICES EX-BANK,Nifty FinSerExBnk,CHOLAFIN,2026-09-14
NIFTY FINANCIAL SERVICES EX-BANK,Nifty FinSerExBnk,CAMS,2026-09-14
NIFTY FINANCIAL SERVICES EX-BANK,Nifty FinSerExBnk,HDFCAMC,2026-09-14
NIFTY FINANCIAL SERVICES EX-BANK,Nifty FinSerExBnk,HDFCLIFE,2026-09-14
NIFTY FINANCIAL SERVICES EX-BANK,Nifty FinSerExBnk,ICICIGI,2026-09-14
NIFTY FINANCIAL SERVICES EX-BANK,Nifty FinSerExBnk,ICICIPRULI,2026-09-14
NIFTY FINANCIAL SERVICES EX-BANK,Nifty FinSerExBnk,IRFC,2026-09-14
NIFTY FINANCIAL SERVICES EX-BANK,Nifty FinSerExBnk,JIOFIN,2026-09-14
NIFTY FINANCIAL SERVICES EX-BANK,Nifty FinSerExBnk,LTF,2026-09-14
NIFTY FINANCIAL SERVICES EX-BANK,Nifty FinSerExBnk,LICHSGFIN,2026-09-14
NIFTY FINANCIAL SERVICES EX-BANK,Nifty FinSerExBnk,LICI,2026-09-14
NIFTY FINANCIAL SERVICES EX-BANK,Nifty FinSerExBnk,MFSL,2026-09-14
NIFTY FINANCIAL SERVICES EX-BANK,Nifty FinSerExBnk,MCX,2026-09-14
NIFTY FINANCIAL SERVICES EX-BANK,Nifty FinSerExBnk,MUTHOOTFIN,2026-09-14
NIFTY FINANCIAL SERVICES EX-BANK,Nifty FinSerExBnk,PAYTM,2026-09-14
NIFTY FINANCIAL SERVICES EX-BANK,Nifty FinSerExBnk,POLICYBZR,2026-09-14
NIFTY FINANCIAL SERVICES EX-BANK,Nifty FinSerExBnk,PNBHOUSING,2026-09-14
NIFTY FINANCIAL SERVICES EX-BANK,Nifty FinSerExBnk,PFC,2026-09-14
NIFTY FINANCIAL SERVICES EX-BANK,Nifty FinSerExBnk,RECLTD,2026-09-14
NIFTY FINANCIAL SERVICES EX-BANK,Nifty FinSerExBnk,SBICARD,2026-09-14
NIFTY FINANCIAL SERVICES EX-BANK,Nifty FinSerExBnk,SBILIFE,2026-09-14
NIFTY FINANCIAL SERVICES EX-BANK,Nifty FinSerExBnk,SHRIRAMFIN,2026-09-14
NIFTY FINANCIAL SERVICES 25/50,Nifty FinSrv25 50,AXISBANK,2026-09-14
NIFTY FINANCIAL SERVICES 25/50,Nifty FinSrv25 50,BSE,2026-09-14
NIFTY FINANCIAL SERVICES 25/50,Nifty FinSrv25 50,BAJFINANCE,2026-09-14
NIFTY FINANCIAL SERVICES 25/50,Nifty FinSrv25 50,BAJAJFINSV,2026-09-14
NIFTY FINANCIAL SERVICES 25/50,Nifty FinSrv25 50,CHOLAFIN,2026-09-14
NIFTY FINANCIAL SERVICES 25/50,Nifty FinSrv25 50,HDFCBANK,2026-09-14
NIFTY FINANCIAL SERVICES 25/50,Nifty FinSrv25 50,HDFCLIFE,2026-09-14
NIFTY FINANCIAL SERVICES 25/50,Nifty FinSrv25 50,ICICIBANK,2026-09-14
NIFTY FINANCIAL SERVICES 25/50,Nifty FinSrv25 50,ICICIGI,2026-09-14
NIFTY FINANCIAL SERVICES 25/50,Nifty FinSrv25 50,JIOFIN,2026-09-14
NIFTY FINANCIAL SERVICES 25/50,Nifty FinSrv25 50,KOTAKBANK,2026-09-14
NIFTY FINANCIAL SERVICES 25/50,Nifty FinSrv25 50,LICHSGFIN,2026-09-14
NIFTY FINANCIAL SERVICES 25/50,Nifty FinSrv25 50,MFSL,2026-09-14
NIFTY FINANCIAL SERVICES 25/50,Nifty FinSrv25 50,MUTHOOTFIN,2026-09-14
NIFTY FINANCIAL SERVICES 25/50,Nifty FinSrv25 50,PFC,2026-09-14
NIFTY FINANCIAL SERVICES 25/50,Nifty FinSrv25 50,RECLTD,2026-09-14
NIFTY FINANCIAL SERVICES 25/50,Nifty FinSrv25 50,SBICARD,2026-09-14
NIFTY FINANCIAL SERVICES 25/50,Nifty FinSrv25 50,SBILIFE,2026-09-14
NIFTY FINANCIAL SERVICES 25/50,Nifty FinSrv25 50,SHRIRAMFIN,2026-09-14
NIFTY FINANCIAL SERVICES 25/50,Nifty FinSrv25 50,SBIN,2026-09-14
NIFTY FMCG,Nifty FMCG,BRITANNIA,2026-09-14
NIFTY FMCG,Nifty FMCG,COLPAL,2026-09-14
NIFTY FMCG,Nifty FMCG,DABUR,2026-09-14
NIFTY FMCG,Nifty FMCG,EMAMILTD,2026-09-14
NIFTY FMCG,Nifty FMCG,GODREJCP,2026-09-14
NIFTY FMCG,Nifty FMCG,HINDUNILVR,2026-09-14
NIFTY FMCG,Nifty FMCG,ITC,2026-09-14
NIFTY FMCG,Nifty FMCG,MARICO,2026-09-14
NIFTY FMCG,Nifty FMCG,NESTLEIND,2026-09-14
NIFTY FMCG,Nifty FMCG,PATANJALI,2026-09-14
NIFTY FMCG,Nifty FMCG,RADICO,2026-09-14
NIFTY FMCG,Nifty FMCG,TATACONSUM,2026-09-14
NIFTY FMCG,Nifty FMCG,UBL,2026-09-14
NIFTY FMCG,Nifty FMCG,UNITDSPR,2026-09-14
NIFTY FMCG,Nifty FMCG,VBL,2026-09-14
NIFTY IT,Nifty IT,COFORGE,2026-09-14
NIFTY IT,Nifty IT,HCLTECH,2026-09-14
NIFTY IT,Nifty IT,INFY,2026-09-14
NIFTY IT,Nifty IT,LTM,2026-09-14
NIFTY IT,Nifty IT,MPHASIS,2026-09-14
NIFTY IT,Nifty IT,OFSS,2026-09-14
NIFTY IT,Nifty IT,PERSISTENT,2026-09-14
NIFTY IT,Nifty IT,TCS,2026-09-14
NIFTY IT,Nifty IT,TECHM,2026-09-14
NIFTY IT,Nifty IT,WIPRO,2026-09-14
NIFTY MEDIA,Nifty Media,DBCORP,2026-09-14
NIFTY MEDIA,Nifty Media,HATHWAY,2026-09-14
NIFTY MEDIA,Nifty Media,NAZARA,2026-09-14
NIFTY MEDIA,Nifty Media,NETWORK18,2026-09-14
NIFTY MEDIA,Nifty Media,PVRINOX,2026-09-14
NIFTY MEDIA,Nifty Media,PFOCUS,2026-09-14
NIFTY MEDIA,Nifty Media,SAREGAMA,2026-09-14
NIFTY MEDIA,Nifty Media,SUNTV,2026-09-14
NIFTY MEDIA,Nifty Media,TIPSMUSIC,2026-09-14
NIFTY MEDIA,Nifty Media,ZEEL,2026-09-14
NIFTY METAL,Nifty Metal,APLAPOLLO,2026-09-14
NIFTY METAL,Nifty Metal,ADANIENT,2026-09-14
NIFTY METAL,Nifty Metal,HINDALCO,2026-09-14
NIFTY METAL,Nifty Metal,HINDCOPPER,2026-09-14
NIFTY METAL,Nifty Metal,HINDZINC,2026-09-14
NIFTY METAL,Nifty Metal,JSWSTEEL,2026-09-14
NIFTY METAL,Nifty Metal,JSL,2026-09-14
NIFTY METAL,Nifty Metal,JINDALSTEL,2026-09-14
NIFTY METAL,Nifty Metal,LLOYDSME,2026-09-14
NIFTY METAL,Nifty Metal,NMDC,2026-09-14
NIFTY METAL,Nifty Metal,NATIONALUM,2026-09-14
NIFTY METAL,Nifty Metal,SAIL,2026-09-14
NIFTY METAL,Nifty Metal,TATASTEEL,2026-09-14
NIFTY METAL,Nifty Metal,VEDL,2026-09-14
NIFTY METAL,Nifty Metal,WELCORP,2026-09-14
NIFTY PHARMA,Nifty Pharma,ABBOTINDIA,2026-09-14
NIFTY PHARMA,Nifty Pharma,AJANTPHARM,2026-09-14
NIFTY PHARMA,Nifty Pharma,ALKEM,2026-09-14
NIFTY PHARMA,Nifty Pharma,AUROPHARMA,2026-09-14
NIFTY PHARMA,Nifty Pharma,BIOCON,2026-09-14
NIFTY PHARMA,Nifty Pharma,CIPLA,2026-09-14
NIFTY PHARMA,Nifty Pharma,DIVISLAB,2026-09-14
NIFTY PHARMA,Nifty Pharma,DRREDDY,2026-09-14
NIFTY PHARMA,Nifty Pharma,GLAND,2026-09-14
NIFTY PHARMA,Nifty Pharma,GLENMARK,2026-09-14
NIFTY PHARMA,Nifty Pharma,IPCALAB,2026-09-14
NIFTY PHARMA,Nifty Pharma,LAURUSLABS,2026-09-14
NIFTY PHARMA,Nifty Pharma,LUPIN,2026-09-14
NIFTY PHARMA,Nifty Pharma,MANKIND,2026-09-14
NIFTY PHARMA,Nifty Pharma,PPLPHARMA,2026-09-14
NIFTY PHARMA,Nifty Pharma,SAILIFE,2026-09-14
NIFTY PHARMA,Nifty Pharma,SUNPHARMA,2026-09-14
NIFTY PHARMA,Nifty Pharma,TORNTPHARM,2026-09-14
NIFTY PHARMA,Nifty Pharma,WOCKPHARMA,2026-09-14
NIFTY PHARMA,Nifty Pharma,ZYDUSLIFE,2026-09-14
NIFTY PSU BANK,Nifty PSU Bank,BANKBARODA,2026-09-14
NIFTY PSU BANK,Nifty PSU Bank,BANKINDIA,2026-09-14
NIFTY PSU BANK,Nifty PSU Bank,MAHABANK,2026-09-14
NIFTY PSU BANK,Nifty PSU Bank,CANBK,2026-09-14
NIFTY PSU BANK,Nifty PSU Bank,CENTRALBK,2026-09-14
NIFTY PSU BANK,Nifty PSU Bank,INDIANB,2026-09-14
NIFTY PSU BANK,Nifty PSU Bank,IOB,2026-09-14
NIFTY PSU BANK,Nifty PSU Bank,PSB,2026-09-14
NIFTY PSU BANK,Nifty PSU Bank,PNB,2026-09-14
NIFTY PSU BANK,Nifty PSU Bank,SBIN,2026-09-14
NIFTY PSU BANK,Nifty PSU Bank,UCOBANK,2026-09-14
NIFTY PSU BANK,Nifty PSU Bank,UNIONBANK,2026-09-14
NIFTY PRIVATE BANK,Nifty Pvt Bank,AXISBANK,2026-09-14
NIFTY PRIVATE BANK,Nifty Pvt Bank,BANDHANBNK,2026-09-14
NIFTY PRIVATE BANK,Nifty Pvt Bank,FEDERALBNK,2026-09-14
NIFTY PRIVATE BANK,Nifty Pvt Bank,HDFCBANK,2026-09-14
NIFTY PRIVATE BANK,Nifty Pvt Bank,ICICIBANK,2026-09-14
NIFTY PRIVATE BANK,Nifty Pvt Bank,IDFCFIRSTB,2026-09-14
NIFTY PRIVATE BANK,Nifty Pvt Bank,INDUSINDBK,2026-09-14
NIFTY PRIVATE BANK,Nifty Pvt Bank,KOTAKBANK,2026-09-14
NIFTY PRIVATE BANK,Nifty Pvt Bank,RBLBANK,2026-09-14
NIFTY PRIVATE BANK,Nifty Pvt Bank,YESBANK,2026-09-14
NIFTY REALTY,Nifty Realty,ABREL,2026-09-14
NIFTY REALTY,Nifty Realty,ANANTRAJ,2026-09-14
NIFTY REALTY,Nifty Realty,BRIGADE,2026-09-14
NIFTY REALTY,Nifty Realty,DLF,2026-09-14
NIFTY REALTY,Nifty Realty,GODREJPROP,2026-09-14
NIFTY REALTY,Nifty Realty,LODHA,2026-09-14
NIFTY REALTY,Nifty Realty,OBEROIRLTY,2026-09-14
NIFTY REALTY,Nifty Realty,PHOENIXLTD,2026-09-14
NIFTY REALTY,Nifty Realty,PRESTIGE,2026-09-14
NIFTY REALTY,Nifty Realty,SOBHA,2026-09-14
NIFTY HEALTHCARE INDEX,NIFTY HEALTHCARE,ABBOTINDIA,2026-09-14
NIFTY HEALTHCARE INDEX,NIFTY HEALTHCARE,ALKEM,2026-09-14
NIFTY HEALTHCARE INDEX,NIFTY HEALTHCARE,APOLLOHOSP,2026-09-14
NIFTY HEALTHCARE INDEX,NIFTY HEALTHCARE,AUROPHARMA,2026-09-14
NIFTY HEALTHCARE INDEX,NIFTY HEALTHCARE,BIOCON,2026-09-14
NIFTY HEALTHCARE INDEX,NIFTY HEALTHCARE,CIPLA,2026-09-14
NIFTY HEALTHCARE INDEX,NIFTY HEALTHCARE,DIVISLAB,2026-09-14
NIFTY HEALTHCARE INDEX,NIFTY HEALTHCARE,DRREDDY,2026-09-14
NIFTY HEALTHCARE INDEX,NIFTY HEALTHCARE,FORTIS,2026-09-14
NIFTY HEALTHCARE INDEX,NIFTY HEALTHCARE,GLENMARK,2026-09-14
NIFTY HEALTHCARE INDEX,NIFTY HEALTHCARE,IPCALAB,2026-09-14
NIFTY HEALTHCARE INDEX,NIFTY HEALTHCARE,LAURUSLABS,2026-09-14
NIFTY HEALTHCARE INDEX,NIFTY HEALTHCARE,LUPIN,2026-09-14
NIFTY HEALTHCARE INDEX,NIFTY HEALTHCARE,MANKIND,2026-09-14
NIFTY HEALTHCARE INDEX,NIFTY HEALTHCARE,MAXHEALTH,2026-09-14
NIFTY HEALTHCARE INDEX,NIFTY HEALTHCARE,PPLPHARMA,2026-09-14
NIFTY HEALTHCARE INDEX,NIFTY HEALTHCARE,SUNPHARMA,2026-09-14
NIFTY HEALTHCARE INDEX,NIFTY HEALTHCARE,SYNGENE,2026-09-14
NIFTY HEALTHCARE INDEX,NIFTY HEALTHCARE,TORNTPHARM,2026-09-14
NIFTY HEALTHCARE INDEX,NIFTY HEALTHCARE,ZYDUSLIFE,2026-09-14
NIFTY OIL & GAS,NIFTY OIL AND GAS,ATGL,2026-09-14
NIFTY OIL & GAS,NIFTY OIL AND GAS,AEGISLOG,2026-09-14
NIFTY OIL & GAS,NIFTY OIL AND GAS,AEGISVOPAK,2026-09-14
NIFTY OIL & GAS,NIFTY OIL AND GAS,BPCL,2026-09-14
NIFTY OIL & GAS,NIFTY OIL AND GAS,CASTROLIND,2026-09-14
NIFTY OIL & GAS,NIFTY OIL AND GAS,CHENNPETRO,2026-09-14
NIFTY OIL & GAS,NIFTY OIL AND GAS,GAIL,2026-09-14
NIFTY OIL & GAS,NIFTY OIL AND GAS,HINDPETRO,2026-09-14
NIFTY OIL & GAS,NIFTY OIL AND GAS,IOC,2026-09-14
NIFTY OIL & GAS,NIFTY OIL AND GAS,IGL,2026-09-14
NIFTY OIL & GAS,NIFTY OIL AND GAS,MGL,2026-09-14
NIFTY OIL & GAS,NIFTY OIL AND GAS,ONGC,2026-09-14
NIFTY OIL & GAS,NIFTY OIL AND GAS,OIL,2026-09-14
NIFTY OIL & GAS,NIFTY OIL AND GAS,PETRONET,2026-09-14
NIFTY OIL & GAS,NIFTY OIL AND GAS,RELIANCE,2026-09-14
NIFTY CONSUMER DURABLES,NIFTY CONSR DURBL,AMBER,2026-09-14
NIFTY CONSUMER DURABLES,NIFTY CONSR DURBL,BATAINDIA,2026-09-14
NIFTY CONSUMER DURABLES,NIFTY CONSR DURBL,BLUESTARCO,2026-09-14
NIFTY CONSUMER DURABLES,NIFTY CONSR DURBL,CROMPTON,2026-09-14
NIFTY CONSUMER DURABLES,NIFTY CONSR DURBL,DIXON,2026-09-14
NIFTY CONSUMER DURABLES,NIFTY CONSR DURBL,HAVELLS,2026-09-14
NIFTY CONSUMER DURABLES,NIFTY CONSR DURBL,KAJARIACER,2026-09-14
NIFTY CONSUMER DURABLES,NIFTY CONSR DURBL,KALYANKJIL,2026-09-14
NIFTY CONSUMER DURABLES,NIFTY CONSR DURBL,LGEINDIA,2026-09-14
NIFTY CONSUMER DURABLES,NIFTY CONSR DURBL,PGEL,2026-09-14
NIFTY CONSUMER DURABLES,NIFTY CONSR DURBL,TITAN,2026-09-14
NIFTY CONSUMER DURABLES,NIFTY CONSR DURBL,VOLTAS,2026-09-14
NIFTY CONSUMER DURABLES,NIFTY CONSR DURBL,WHIRLPOOL,2026-09-14
NIFTY INDIA CORPORATE GROUP INDEX - TATA GROUP 25% CAP,Nifty Tata 25 Cap,INDHOTEL,2026-09-14
NIFTY INDIA CORPORATE GROUP INDEX - TATA GROUP 25% CAP,Nifty Tata 25 Cap,TCS,2026-09-14
NIFTY INDIA CORPORATE GROUP INDEX - TATA GROUP 25% CAP,Nifty Tata 25 Cap,TATACONSUM,2026-09-14
NIFTY INDIA CORPORATE GROUP INDEX - TATA GROUP 25% CAP,Nifty Tata 25 Cap,TMCV,2026-09-14
NIFTY INDIA CORPORATE GROUP INDEX - TATA GROUP 25% CAP,Nifty Tata 25 Cap,TMPV,2026-09-14
NIFTY INDIA CORPORATE GROUP INDEX - TATA GROUP 25% CAP,Nifty Tata 25 Cap,TATAPOWER,2026-09-14
NIFTY INDIA CORPORATE GROUP INDEX - TATA GROUP 25% CAP,Nifty Tata 25 Cap,TATASTEEL,2026-09-14
NIFTY INDIA CORPORATE GROUP INDEX - TATA GROUP 25% CAP,Nifty Tata 25 Cap,TITAN,2026-09-14
NIFTY INDIA CORPORATE GROUP INDEX - TATA GROUP 25% CAP,Nifty Tata 25 Cap,TRENT,2026-09-14
NIFTY INDIA CORPORATE GROUP INDEX - TATA GROUP 25% CAP,Nifty Tata 25 Cap,VOLTAS,2026-09-14
