d,idx,dd,chop,er,above50,cross,ft,bo_n,votes,regime
2024-05-07,98.48,0.0,,,0.0,,,0.0,0,
2024-05-08,99.09,0.0,,,0.0,,,0.0,0,
2024-05-09,96.81,-2.31,,,0.0,,,0.0,0,
2024-05-10,97.59,-1.52,,,0.0,,,0.0,0,
2024-05-13,97.5,-1.61,,,0.0,,,0.0,0,
2024-05-14,99.16,0.0,,,0.0,,,0.0,0,
2024-05-15,99.86,0.0,,,0.0,,,0.0,0,
2024-05-16,100.47,0.0,,,0.0,,,0.0,0,
2024-05-17,101.56,0.0,,,0.0,,,0.0,0,
2024-05-18,102.29,0.0,,,0.0,,,0.0,0,
2024-05-21,102.08,-0.21,,,0.0,,,0.0,0,
2024-05-22,102.27,-0.02,,,0.0,,,0.0,0,
2024-05-23,102.37,0.0,,,0.0,,,0.0,0,
2024-05-24,102.01,-0.34,,,0.0,,,0.0,0,
2024-05-27,101.64,-0.71,64.65,,0.0,,,0.0,0,
2024-05-28,100.7,-1.63,64.67,,0.0,,,0.0,0,
2024-05-29,100.67,-1.65,63.85,,0.0,,,0.0,0,
2024-05-30,99.49,-2.81,63.68,,0.0,,,0.0,0,
2024-05-31,99.73,-2.57,72.22,,0.0,,,0.0,1,
2024-06-03,101.44,-0.91,77.18,,0.0,,,0.0,1,
2024-06-04,94.9,-7.29,54.72,0.18,0.0,0.0,,0.0,0,
2024-06-05,98.05,-4.22,57.19,0.05,0.0,0.0,,0.0,1,
2024-06-06,100.95,-1.38,57.98,0.18,0.0,0.0,,0.0,0,
2024-06-07,103.17,0.0,58.52,0.22,0.0,0.0,,0.0,0,
2024-06-10,104.45,0.0,53.75,0.27,0.0,0.0,,0.0,0,
2024-06-11,105.56,0.0,51.9,0.25,0.0,0.0,,0.0,0,
2024-06-12,106.61,0.0,49.73,0.26,0.0,0.0,,0.0,0,
2024-06-13,107.51,0.0,47.84,0.27,0.0,0.0,,0.0,0,
2024-06-14,108.38,0.0,46.06,0.26,0.0,0.0,,0.0,0,
2024-06-18,109.23,0.0,44.27,0.26,0.0,0.0,,0.0,0,
2024-06-19,108.93,-0.28,44.5,0.26,0.0,0.0,,0.0,0,
2024-06-20,110.09,0.0,44.09,0.29,0.0,0.0,,0.0,0,
2024-06-21,110.05,-0.04,43.0,0.28,0.0,0.0,,0.0,0,
2024-06-24,110.48,0.0,42.81,0.31,0.0,0.0,,0.0,0,
2024-06-25,110.39,-0.08,41.33,0.32,0.0,0.0,,0.0,0,
2024-06-26,110.53,0.0,51.51,0.38,0.0,0.0,,0.0,0,
2024-06-27,109.71,-0.75,57.59,0.33,0.0,0.0,,0.0,0,
2024-06-28,110.26,-0.24,63.89,0.41,0.0,0.0,,0.0,0,
2024-07-01,112.15,0.0,65.23,0.44,0.0,0.0,,0.0,0,
2024-07-02,112.44,0.0,66.68,0.41,0.0,0.0,52.53,99.0,0,Mixed
2024-07-03,113.33,0.0,68.09,0.88,0.0,0.0,46.67,96.0,0,Mixed
2024-07-04,113.88,0.0,68.63,0.86,0.0,0.0,46.72,79.0,0,Mixed
2024-07-05,114.68,0.0,68.82,0.85,0.0,0.0,44.53,119.0,0,Mixed
2024-07-08,114.49,-0.16,66.41,0.8,0.0,0.0,44.26,86.0,0,Mixed
2024-07-09,114.79,0.0,68.98,0.78,0.0,0.0,44.66,83.0,0,Mixed
2024-07-10,113.99,-0.69,70.93,0.65,0.0,0.0,44.92,68.0,1,Mixed
2024-07-11,114.9,0.0,70.65,0.65,0.0,0.0,42.31,72.0,1,Mixed
2024-07-12,114.65,-0.22,70.23,0.59,0.0,0.0,41.48,67.0,0,Mixed
2024-07-15,115.14,0.0,70.45,0.58,78.26,1.0,40.02,68.0,2,Choppy
2024-07-16,115.47,0.0,68.63,0.56,78.73,1.0,38.83,68.0,1,Trending up
2024-07-18,114.39,-0.94,70.52,0.46,73.05,1.0,39.33,63.0,2,Choppy
2024-07-19,111.85,-3.14,75.33,0.13,60.68,1.0,39.53,22.0,2,Choppy
2024-07-22,112.7,-2.4,76.04,0.19,63.48,1.0,40.8,28.0,1,Trending up
2024-07-23,112.68,-2.42,71.09,0.16,61.53,1.0,41.9,41.0,1,Trending up
2024-07-24,114.96,-0.44,71.76,0.29,70.42,1.0,45.17,83.0,1,Trending up
2024-07-25,115.23,-0.21,72.13,0.29,69.58,1.0,47.0,71.0,1,Trending up
2024-07-26,116.67,0.0,68.9,0.42,75.76,1.0,50.34,69.0,0,Trending up
2024-07-29,117.51,0.0,64.48,0.43,79.05,1.0,48.9,78.0,0,Trending up
2024-07-30,118.38,0.0,63.37,0.39,81.03,1.0,48.22,95.0,0,Trending up
2024-07-31,118.59,0.0,61.04,0.39,81.22,1.0,46.46,85.0,0,Trending up
2024-08-01,117.87,-0.6,61.38,0.29,77.05,1.0,44.83,66.0,0,Trending up
2024-08-02,117.46,-0.95,61.62,0.23,70.63,1.0,43.9,72.0,0,Trending up
2024-08-05,112.84,-4.85,62.78,0.09,45.95,2.0,43.09,20.0,2,Choppy
2024-08-06,112.17,-5.41,63.94,0.12,43.54,2.0,41.75,22.0,2,Choppy
2024-08-07,114.92,-3.09,64.05,0.01,56.32,3.0,37.62,52.0,3,Choppy
2024-08-08,114.73,-3.25,63.77,0.03,52.7,3.0,35.65,61.0,3,Choppy
2024-08-09,115.73,-2.41,63.36,0.04,56.28,3.0,34.6,56.0,3,Choppy
2024-08-12,116.05,-2.14,71.52,0.06,55.88,3.0,38.08,54.0,3,Choppy
2024-08-13,114.29,-3.63,71.59,0.04,50.17,2.0,42.47,30.0,2,Choppy
2024-08-14,113.63,-4.18,71.76,0.08,45.08,3.0,46.51,25.0,2,Choppy
2024-08-16,115.36,-2.72,71.73,0.04,52.06,4.0,50.0,40.0,2,Choppy
2024-08-19,117.07,-1.28,71.67,0.22,57.18,4.0,54.67,68.0,2,Choppy
2024-08-20,118.04,-0.46,71.7,0.23,60.56,4.0,55.15,58.0,2,Choppy
2024-08-21,119.44,0.0,70.84,0.27,65.69,4.0,56.46,82.0,2,Choppy
2024-08-22,120.25,0.0,66.12,0.23,68.88,4.0,56.99,70.0,1,Trending up
2024-08-23,120.44,0.0,65.26,0.22,67.96,4.0,56.73,74.0,1,Trending up
2024-08-26,120.9,0.0,61.93,0.19,68.26,4.0,54.9,91.0,1,Trending up
2024-08-27,121.58,0.0,62.17,0.18,70.5,4.0,52.97,68.0,1,Trending up
2024-08-28,121.3,-0.23,60.55,0.14,68.99,4.0,51.29,42.0,1,Trending up
2024-08-29,120.35,-1.01,60.46,0.08,65.58,4.0,51.99,36.0,2,Choppy
2024-08-30,121.23,-0.29,60.35,0.15,68.18,4.0,50.77,61.0,1,Trending up
2024-09-02,120.9,-0.56,60.02,0.15,65.38,4.0,48.1,48.0,1,Trending up
2024-09-03,121.44,-0.12,59.15,0.47,66.16,3.0,47.99,49.0,1,Trending up
2024-09-04,121.83,0.0,62.85,0.54,66.36,3.0,47.88,73.0,1,Trending up
2024-09-05,122.65,0.0,66.6,0.48,67.37,2.0,48.7,74.0,1,Trending up
2024-09-06,121.4,-1.02,71.85,0.39,60.27,2.0,50.25,53.0,2,Choppy
2024-09-09,120.9,-1.42,77.14,0.31,56.86,2.0,53.89,49.0,2,Choppy
2024-09-10,122.4,-0.2,84.74,0.36,63.93,2.0,55.51,59.0,2,Choppy
2024-09-11,121.5,-0.93,85.09,0.43,58.16,2.0,55.45,48.0,2,Choppy
2024-09-12,122.5,-0.12,85.03,0.51,62.54,1.0,52.29,54.0,1,Trending up
2024-09-13,123.44,0.0,80.75,0.49,65.38,0.0,51.66,64.0,1,Trending up
2024-09-16,123.62,0.0,77.43,0.44,64.97,0.0,50.17,57.0,1,Trending up
2024-09-17,123.31,-0.25,77.38,0.37,62.72,0.0,49.65,43.0,1,Trending up
2024-09-18,122.59,-0.83,77.44,0.23,58.5,0.0,47.86,36.0,1,Trending up
2024-09-19,121.1,-2.03,78.63,0.06,52.17,0.0,48.48,30.0,1,Mixed
2024-09-20,122.54,-0.87,78.9,0.14,57.25,0.0,46.53,65.0,1,Trending up
2024-09-23,123.67,0.0,79.31,0.17,60.57,0.0,44.36,49.0,1,Trending up
2024-09-24,123.75,0.0,79.23,0.14,60.92,0.0,43.79,45.0,1,Trending up
2024-09-25,123.36,-0.32,79.36,0.13,58.65,0.0,42.77,41.0,1,Trending up
2024-09-26,122.91,-0.68,78.92,0.17,56.07,0.0,42.64,32.0,1,Trending up
2024-09-27,122.97,-0.63,80.37,0.12,55.99,0.0,39.34,57.0,2,Choppy
2024-09-30,122.81,-0.76,80.52,0.13,55.48,0.0,38.43,34.0,2,Choppy
2024-10-01,123.52,-0.19,80.28,0.14,58.27,0.0,36.32,35.0,2,Choppy
2024-10-03,121.28,-2.0,80.78,0.03,46.55,1.0,37.07,22.0,2,Choppy
2024-10-04,120.24,-2.84,78.17,0.15,41.2,1.0,36.04,14.0,2,Choppy
2024-10-07,116.13,-6.16,66.06,0.27,26.62,1.0,34.73,5.0,1,Mixed
2024-10-08,119.12,-3.75,66.5,0.08,37.1,1.0,35.97,18.0,2,Choppy
2024-10-09,120.47,-2.66,66.46,0.09,41.69,1.0,37.19,27.0,2,Choppy
2024-10-10,121.07,-2.17,65.38,0.02,44.68,1.0,37.0,29.0,2,Choppy
2024-10-11,121.49,-1.83,64.86,0.05,45.51,1.0,38.06,27.0,2,Choppy
2024-10-14,121.66,-1.69,64.69,0.09,44.86,1.0,44.81,30.0,1,Mixed
2024-10-15,122.39,-1.1,65.84,0.06,48.34,1.0,44.18,42.0,1,Mixed
2024-10-16,122.96,-0.65,66.37,0.02,51.04,2.0,40.66,59.0,2,Choppy
2024-10-17,121.29,-1.99,66.68,0.06,43.49,3.0,38.66,18.0,3,Choppy
2024-10-18,121.35,-1.94,67.43,0.01,44.28,3.0,33.1,29.0,3,Choppy
2024-10-21,119.4,-3.52,67.97,0.15,35.65,3.0,30.62,28.0,2,Choppy
2024-10-22,115.12,-6.98,70.22,0.36,21.04,3.0,28.42,3.0,2,Choppy
2024-10-23,115.94,-6.31,66.53,0.32,23.51,3.0,25.0,11.0,2,Choppy
2024-10-24,115.1,-6.99,66.13,0.33,21.77,3.0,26.82,14.0,2,Choppy
2024-10-25,112.23,-9.32,58.52,0.39,15.98,3.0,24.79,4.0,2,Correction
2024-10-28,113.65,-8.16,58.23,0.32,19.64,3.0,24.42,9.0,2,Correction
2024-10-29,114.39,-7.57,58.39,0.28,22.52,3.0,31.79,20.0,2,Choppy
2024-10-30,116.42,-5.93,58.93,0.23,27.69,3.0,41.45,16.0,1,Mixed
2024-10-31,117.67,-4.92,59.24,0.12,33.2,2.0,44.65,25.0,2,Choppy
2024-11-01,119.21,-3.67,58.69,0.03,38.73,2.0,53.33,5.0,2,Choppy
2024-11-04,117.34,-5.18,59.26,0.04,31.99,2.0,60.31,24.0,2,Choppy
2024-11-05,118.28,-4.43,60.01,0.03,34.82,2.0,54.78,29.0,2,Choppy
2024-11-06,120.71,-2.46,63.47,0.01,44.64,2.0,44.9,50.0,2,Choppy
2024-11-07,120.31,-2.78,63.23,0.03,41.22,2.0,39.45,36.0,3,Choppy
2024-11-08,118.63,-4.14,63.54,0.1,35.78,2.0,38.91,25.0,3,Choppy
2024-11-11,117.33,-5.19,62.6,0.15,31.44,2.0,37.4,16.0,2,Choppy
2024-11-12,115.76,-6.46,62.29,0.22,27.37,2.0,34.31,13.0,2,Choppy
2024-11-13,112.21,-9.33,63.03,0.32,16.87,1.0,32.3,3.0,1,Correction
2024-11-14,112.94,-8.74,62.31,0.26,20.79,0.0,30.7,14.0,1,Correction
2024-11-18,112.46,-9.13,61.75,0.27,20.05,0.0,32.59,14.0,1,Correction
2024-11-19,113.34,-8.42,61.76,0.19,22.79,0.0,35.0,20.0,1,Correction
2024-11-21,112.01,-9.49,61.43,0.11,20.08,0.0,38.1,19.0,2,Correction
2024-11-22,113.19,-8.53,61.2,0.09,23.52,0.0,48.09,23.0,1,Correction
2024-11-25,114.98,-7.09,62.11,0.0,29.19,0.0,55.29,23.0,1,Mixed
2024-11-26,115.88,-6.37,61.51,0.13,32.84,0.0,61.99,26.0,1,Mixed
2024-11-27,117.31,-5.2,61.4,0.13,38.08,0.0,63.98,31.0,1,Mixed
2024-11-28,117.88,-4.75,61.17,0.13,40.07,0.0,65.48,24.0,1,Mixed
2024-11-29,118.63,-4.14,64.8,0.08,43.58,0.0,64.6,32.0,1,Mixed
2024-12-02,119.81,-3.19,65.66,0.08,48.21,0.0,64.93,56.0,1,Mixed
2024-12-03,121.06,-2.17,60.69,0.07,54.94,1.0,66.78,47.0,1,Mixed
2024-12-04,121.96,-1.45,57.21,0.18,57.88,1.0,64.76,51.0,0,Trending up
2024-12-05,122.17,-1.28,55.25,0.16,59.27,1.0,63.69,45.0,0,Trending up
2024-12-06,122.94,-0.65,53.39,0.1,61.8,1.0,61.28,55.0,1,Trending up
2024-12-09,123.55,-0.16,50.55,0.14,62.75,1.0,60.64,70.0,0,Trending up
2024-12-10,124.04,0.0,49.42,0.25,64.22,1.0,57.32,74.0,0,Trending up
2024-12-11,124.44,0.0,50.12,0.34,66.42,1.0,53.95,65.0,0,Trending up
2024-12-12,123.28,-0.93,55.82,0.37,58.86,1.0,52.77,47.0,0,Trending up
2024-12-13,123.08,-1.09,57.93,0.63,57.22,1.0,50.27,37.0,0,Trending up
2024-12-16,123.76,-0.54,60.93,0.63,57.98,1.0,46.27,58.0,0,Trending up
2024-12-17,123.08,-1.09,65.28,0.61,52.82,1.0,41.58,44.0,0,Mixed
2024-12-18,122.02,-1.95,66.48,0.49,47.18,2.0,39.09,32.0,2,Choppy
2024-12-19,121.7,-2.2,69.71,0.59,44.14,2.0,37.16,32.0,2,Choppy
2024-12-20,118.92,-4.43,73.05,0.32,32.38,2.0,36.08,15.0,3,Choppy
2024-12-23,118.28,-4.95,68.68,0.19,30.98,2.0,33.41,15.0,2,Choppy
2024-12-24,118.71,-4.61,68.47,0.17,30.98,2.0,31.58,16.0,2,Choppy
2024-12-26,118.29,-4.95,68.48,0.06,30.81,2.0,33.12,15.0,3,Choppy
2024-12-27,118.52,-4.75,68.26,0.04,31.87,2.0,32.52,22.0,3,Choppy
2024-12-30,117.62,-5.48,66.32,0.07,29.55,2.0,32.98,33.0,3,Choppy
2024-12-31,118.63,-4.66,66.11,0.08,32.47,2.0,36.97,14.0,3,Choppy
2025-01-01,120.01,-3.56,67.73,0.07,37.94,1.0,39.09,26.0,2,Choppy
2025-01-02,121.04,-2.73,68.46,0.06,43.61,1.0,39.37,33.0,2,Choppy
2025-01-03,121.2,-2.6,68.15,0.06,43.2,1.0,37.55,40.0,2,Choppy
2025-01-06,117.13,-5.87,70.09,0.31,27.38,1.0,36.17,21.0,1,Mixed
2025-01-07,119.14,-4.26,74.05,0.22,34.95,1.0,32.94,32.0,2,Choppy
2025-01-08,118.17,-5.04,79.43,0.29,30.18,1.0,29.73,23.0,2,Choppy
2025-01-09,116.82,-6.13,78.09,0.35,26.62,1.0,27.06,11.0,2,Choppy
2025-01-10,113.99,-8.4,65.62,0.4,19.42,1.0,23.73,3.0,1,Correction
2025-01-13,109.29,-12.17,53.63,0.5,10.26,1.0,23.53,1.0,1,Correction
2025-01-14,111.6,-10.32,54.27,0.41,13.49,1.0,21.24,3.0,1,Correction
2025-01-15,111.84,-10.13,54.53,0.39,13.64,1.0,21.84,7.0,1,Correction
2025-01-16,113.46,-8.82,54.68,0.29,18.06,0.0,21.85,10.0,1,Correction
2025-01-17,113.59,-8.72,54.09,0.28,18.95,0.0,24.14,5.0,1,Correction
2025-01-20,114.56,-7.94,54.06,0.16,23.13,0.0,22.73,15.0,1,Mixed
2025-01-21,112.54,-9.56,54.66,0.2,16.92,0.0,23.17,4.0,1,Correction
2025-01-22,110.82,-10.94,55.4,0.26,13.04,0.0,27.42,3.0,1,Correction
2025-01-23,111.42,-10.46,58.05,0.23,16.43,0.0,29.82,6.0,1,Correction
2025-01-24,109.18,-12.26,61.92,0.29,11.34,0.0,34.48,4.0,1,Correction
2025-01-27,105.34,-15.35,51.71,0.35,7.23,0.0,32.79,4.0,1,Correction
2025-01-28,104.09,-16.35,49.01,0.41,6.91,0.0,33.33,2.0,1,Correction
2025-01-29,107.08,-13.95,54.32,0.35,9.98,0.0,35.59,6.0,1,Correction
2025-01-30,107.19,-13.86,57.05,0.38,11.17,0.0,42.59,5.0,0,Correction
2025-01-31,109.02,-12.39,55.95,0.32,15.76,0.0,45.16,13.0,0,Correction
2025-02-03,107.56,-13.57,55.99,0.27,15.33,0.0,44.93,22.0,0,Correction
2025-02-04,108.87,-12.51,55.92,0.3,18.15,0.0,41.33,10.0,0,Correction
2025-02-05,110.22,-11.43,56.04,0.23,22.95,0.0,39.74,6.0,1,Correction
2025-02-06,110.27,-11.39,56.17,0.2,23.9,0.0,36.9,12.0,1,Correction
2025-02-07,109.35,-12.13,56.2,0.15,21.63,0.0,32.58,9.0,1,Correction
2025-02-10,106.88,-14.11,63.43,0.08,14.79,0.0,32.95,3.0,2,Correction
2025-02-11,103.25,-17.03,64.13,0.27,8.8,0.0,31.82,2.0,1,Correction
2025-02-12,102.8,-17.39,61.77,0.29,9.61,0.0,28.57,2.0,1,Correction
2025-02-13,102.49,-17.64,62.31,0.37,9.37,0.0,25.0,5.0,1,Correction
2025-02-14,99.22,-20.26,59.15,0.44,5.2,0.0,19.44,1.0,1,Bear
2025-02-17,98.35,-20.97,53.54,0.5,5.91,0.0,20.0,5.0,1,Bear
2025-02-18,96.64,-22.34,51.77,0.49,5.52,0.0,25.53,2.0,1,Bear
2025-02-19,98.9,-20.52,52.31,0.36,7.43,0.0,29.55,3.0,1,Bear
2025-02-20,100.36,-19.35,52.2,0.33,9.35,0.0,31.43,3.0,1,Correction
2025-02-21,99.8,-19.8,51.96,0.29,9.27,0.0,34.48,3.0,1,Correction
2025-02-24,98.63,-20.74,51.82,0.23,8.22,0.0,35.71,2.0,1,Bear
2025-02-25,98.13,-21.14,51.55,0.21,8.39,0.0,45.16,5.0,0,Bear
2025-02-27,96.2,-22.69,53.49,0.39,6.86,0.0,51.35,8.0,0,Bear
2025-02-28,93.74,-24.67,50.78,0.45,5.27,0.0,53.12,0.0,0,Bear
2025-03-03,92.75,-25.47,53.06,0.56,4.86,0.0,54.55,2.0,0,Bear
2025-03-04,93.76,-24.65,57.29,0.48,6.7,0.0,62.5,4.0,0,Bear
2025-03-05,96.59,-22.38,56.35,0.41,9.25,0.0,62.16,7.0,0,Bear
2025-03-06,98.4,-20.92,60.22,0.39,13.48,0.0,57.45,13.0,0,Bear
2025-03-07,99.25,-20.24,61.38,0.35,14.91,0.0,59.62,8.0,0,Bear
2025-03-10,96.92,-22.11,61.27,0.38,11.79,0.0,70.0,11.0,0,Bear
2025-03-11,96.22,-22.68,60.76,0.34,11.57,0.0,73.53,10.0,0,Bear
2025-03-12,95.64,-23.15,59.79,0.27,11.66,0.0,71.64,4.0,0,Bear
2025-03-13,94.91,-23.73,59.34,0.28,10.93,0.0,72.58,3.0,0,Bear
2025-03-17,94.49,-24.07,64.11,0.28,12.03,0.0,71.43,8.0,0,Bear
2025-03-18,97.0,-22.05,64.04,0.08,16.52,0.0,69.14,13.0,1,Bear
2025-03-19,99.44,-20.09,64.33,0.04,24.58,0.0,62.11,18.0,1,Bear
2025-03-20,100.19,-19.49,60.1,0.13,27.83,0.0,59.05,17.0,1,Correction
2025-03-21,102.02,-18.02,56.0,0.11,35.65,0.0,55.22,42.0,1,Correction
2025-03-24,103.3,-16.99,51.98,0.11,42.36,0.0,51.33,24.0,1,Mixed
2025-03-25,101.44,-18.48,59.05,0.06,35.78,0.0,46.15,17.0,1,Correction
2025-03-26,99.85,-19.76,58.79,0.04,29.88,0.0,44.74,6.0,1,Correction
2025-03-27,100.6,-19.16,59.38,0.08,33.94,0.0,40.7,24.0,1,Correction
2025-03-28,99.98,-19.65,59.87,0.13,32.67,0.0,37.78,11.0,1,Correction
2025-04-01,100.98,-18.85,59.37,0.27,34.34,0.0,35.2,7.0,1,Correction
2025-04-02,102.03,-18.01,59.33,0.34,38.82,0.0,33.9,11.0,1,Correction
2025-04-03,103.12,-17.13,59.62,0.35,44.95,0.0,33.7,25.0,1,Mixed
2025-04-04,99.72,-19.87,60.8,0.11,28.88,0.0,34.46,10.0,2,Correction
2025-04-07,95.48,-23.27,55.53,0.1,14.71,0.0,32.59,0.0,2,Bear
2025-04-08,97.7,-21.49,55.69,0.05,21.88,0.0,39.84,12.0,2,Bear
2025-04-09,96.62,-22.36,55.49,0.01,19.89,0.0,44.35,9.0,1,Bear
2025-04-11,99.29,-20.21,55.7,0.1,30.84,0.0,44.17,11.0,1,Bear
2025-04-15,102.61,-17.55,55.74,0.2,45.75,0.0,57.04,39.0,0,Mixed
2025-04-16,103.68,-16.68,56.27,0.25,52.46,1.0,62.35,38.0,0,Mixed
2025-04-17,104.4,-16.11,53.54,0.28,56.12,1.0,63.35,36.0,0,Trending up
2025-04-21,106.13,-14.71,49.96,0.26,64.29,1.0,55.6,61.0,0,Trending up
2025-04-22,107.0,-14.01,46.8,0.23,68.78,1.0,48.56,62.0,0,Trending up
2025-04-23,107.32,-13.75,45.56,0.22,69.58,1.0,43.45,45.0,0,Trending up
2025-04-24,107.42,-13.68,44.75,0.17,70.61,1.0,39.72,47.0,1,Trending up
2025-04-25,104.4,-16.1,45.81,0.03,51.91,1.0,38.67,14.0,2,Choppy
2025-04-28,104.66,-15.89,45.46,0.1,53.57,1.0,37.87,22.0,2,Choppy
2025-04-29,104.66,-15.9,44.37,0.16,51.99,1.0,35.86,32.0,1,Mixed
2025-04-30,102.94,-17.27,52.09,0.08,40.14,2.0,32.26,15.0,3,Choppy
2025-05-02,102.74,-17.44,51.87,0.09,40.0,2.0,29.46,19.0,3,Correction
2025-05-05,104.16,-16.3,58.0,0.1,48.37,2.0,30.06,29.0,3,Choppy
2025-05-06,101.57,-18.38,67.51,0.01,33.89,2.0,32.44,14.0,3,Correction
2025-05-07,102.55,-17.59,65.41,0.02,40.05,2.0,40.46,25.0,3,Correction
2025-05-08,101.53,-18.41,66.31,0.06,33.47,2.0,48.95,22.0,2,Correction
2025-05-09,101.16,-18.71,62.77,0.22,31.48,2.0,60.75,22.0,1,Correction
2025-05-12,105.85,-14.94,64.09,0.29,60.27,3.0,64.94,51.0,1,Trending up
2025-05-13,107.05,-13.97,64.13,0.37,66.67,3.0,69.71,78.0,1,Trending up
2025-05-14,108.72,-12.63,61.81,0.35,75.24,3.0,73.48,121.0,1,Trending up
2025-05-15,109.84,-11.73,58.09,0.29,77.78,3.0,69.9,134.0,1,Trending up
2025-05-16,111.09,-10.72,53.62,0.29,82.3,2.0,65.24,160.0,1,Trending up
2025-05-19,112.13,-9.89,50.06,0.3,83.68,2.0,60.85,193.0,1,Trending up
2025-05-20,110.91,-10.87,50.61,0.19,79.05,2.0,60.09,76.0,1,Trending up
2025-05-21,111.61,-10.31,50.43,0.19,80.08,2.0,59.67,63.0,1,Trending up
2025-05-22,111.63,-10.29,50.28,0.18,78.41,2.0,60.43,75.0,1,Trending up
2025-05-23,112.29,-9.76,50.29,0.19,79.92,2.0,59.73,92.0,1,Trending up
2025-05-26,112.94,-9.24,48.43,0.37,79.24,2.0,57.89,110.0,1,Trending up
2025-05-27,113.23,-9.01,47.72,0.38,78.25,2.0,57.16,87.0,1,Trending up
2025-05-28,113.52,-8.77,45.53,0.38,75.63,2.0,55.87,100.0,1,Trending up
2025-05-29,113.97,-8.41,56.77,0.5,75.81,1.0,55.52,103.0,0,Trending up
2025-05-30,113.97,-8.41,59.57,0.52,75.67,1.0,57.11,106.0,0,Trending up
2025-06-02,114.39,-8.08,64.81,0.5,75.24,1.0,60.24,96.0,0,Trending up
2025-06-03,114.21,-8.22,69.0,0.69,73.36,1.0,61.5,72.0,0,Trending up
2025-06-04,114.78,-7.76,73.45,0.69,73.6,1.0,61.7,78.0,1,Trending up
2025-06-05,115.45,-7.22,72.46,0.8,75.02,1.0,58.48,88.0,1,Trending up
2025-06-06,115.9,-6.86,70.13,0.84,77.71,1.0,55.91,99.0,0,Trending up
2025-06-09,117.38,-5.67,64.25,0.8,82.62,0.0,53.7,117.0,0,Trending up
2025-06-10,117.92,-5.24,62.88,0.8,83.07,0.0,50.16,108.0,0,Trending up
2025-06-11,118.35,-4.9,62.17,0.77,83.94,0.0,44.94,132.0,0,Trending up
2025-06-12,116.77,-6.16,66.07,0.54,77.57,0.0,43.19,51.0,0,Trending up
2025-06-13,116.16,-6.65,67.7,0.41,73.62,0.0,40.43,42.0,1,Trending up
2025-06-16,116.54,-6.35,70.3,0.38,73.66,0.0,36.71,52.0,1,Trending up
2025-06-17,115.67,-7.04,70.99,0.42,68.4,0.0,33.37,36.0,2,Choppy
2025-06-18,115.25,-7.39,71.02,0.33,65.48,0.0,30.44,24.0,2,Choppy
2025-06-19,113.26,-8.99,71.43,0.13,53.0,0.0,29.46,11.0,2,Choppy
2025-06-20,114.1,-8.31,70.21,0.14,58.09,0.0,30.96,31.0,1,Trending up
2025-06-23,114.29,-8.15,70.04,0.11,56.93,0.0,31.66,31.0,2,Choppy
2025-06-24,115.38,-7.28,70.03,0.16,64.7,0.0,34.16,32.0,1,Trending up
2025-06-25,117.16,-5.85,70.14,0.24,73.68,0.0,43.8,69.0,0,Trending up
2025-06-26,117.33,-5.71,70.0,0.23,74.41,0.0,46.86,54.0,0,Trending up
2025-06-27,117.97,-5.2,69.98,0.26,75.59,0.0,49.29,80.0,0,Trending up
2025-06-30,118.81,-4.52,70.02,0.28,77.36,0.0,50.76,91.0,0,Trending up
2025-07-01,118.82,-4.51,68.83,0.3,76.16,0.0,51.81,75.0,0,Trending up
2025-07-02,118.61,-4.68,68.24,0.25,73.78,0.0,51.03,61.0,0,Trending up
2025-07-03,118.93,-4.43,67.41,0.23,75.02,0.0,50.0,60.0,0,Trending up
2025-07-04,119.23,-4.18,66.68,0.23,75.88,0.0,48.05,63.0,0,Trending up
2025-07-07,118.97,-4.4,65.75,0.12,73.0,0.0,47.31,47.0,1,Trending up
2025-07-08,118.91,-4.44,65.81,0.08,72.44,0.0,47.76,47.0,1,Trending up
2025-07-09,119.32,-4.12,64.92,0.07,73.12,0.0,48.41,52.0,1,Trending up
2025-07-10,119.54,-3.93,64.87,0.24,73.06,0.0,48.73,54.0,0,Trending up
2025-07-11,118.8,-4.53,72.87,0.22,67.14,0.0,48.58,49.0,1,Trending up
2025-07-14,119.13,-4.27,78.55,0.22,66.35,0.0,49.3,60.0,1,Trending up
2025-07-15,120.36,-3.28,78.87,0.39,74.77,0.0,50.09,64.0,1,Trending up
2025-07-16,120.97,-2.79,78.16,0.47,76.95,0.0,50.88,70.0,1,Trending up
2025-07-17,121.23,-2.58,78.8,0.76,76.56,0.0,50.09,67.0,1,Trending up
2025-07-18,120.64,-3.06,78.72,0.64,71.92,0.0,48.04,50.0,1,Trending up
2025-07-21,120.59,-3.1,78.71,0.62,69.0,0.0,47.18,55.0,1,Trending up
2025-07-22,120.43,-3.22,79.46,0.55,65.55,0.0,45.27,60.0,1,Trending up
2025-07-23,120.52,-3.15,79.55,0.45,64.64,0.0,42.81,62.0,1,Trending up
2025-07-24,120.12,-3.47,79.78,0.36,63.08,0.0,40.58,47.0,2,Choppy
2025-07-25,118.1,-5.1,78.69,0.01,47.9,1.0,40.29,26.0,2,Choppy
2025-07-28,116.6,-6.3,70.56,0.23,40.12,1.0,39.58,22.0,2,Choppy
2025-07-29,117.92,-5.24,70.39,0.08,46.96,1.0,36.24,46.0,2,Choppy
2025-07-30,118.19,-5.02,70.83,0.04,48.36,1.0,32.5,45.0,2,Choppy
2025-07-31,117.41,-5.65,71.45,0.13,43.55,1.0,30.93,30.0,2,Choppy
2025-08-01,115.71,-7.01,70.07,0.27,35.64,1.0,32.37,21.0,1,Mixed
2025-08-04,116.53,-6.36,68.68,0.18,38.53,1.0,32.99,29.0,1,Mixed
2025-08-05,116.06,-6.73,68.91,0.2,36.62,1.0,31.52,21.0,1,Mixed
2025-08-06,114.76,-7.78,67.81,0.31,31.6,1.0,30.17,8.0,1,Mixed
2025-08-07,114.55,-7.95,63.96,0.34,31.4,1.0,31.03,13.0,1,Mixed
2025-08-08,113.52,-8.77,64.34,0.35,26.45,1.0,30.16,17.0,1,Correction
2025-08-11,113.85,-8.51,64.3,0.35,29.31,1.0,31.17,17.0,1,Correction
2025-08-12,113.93,-8.44,64.53,0.46,30.32,1.0,35.19,15.0,1,Correction
2025-08-13,114.42,-8.05,69.38,0.47,32.87,1.0,44.1,24.0,0,Correction
2025-08-14,113.71,-8.63,72.3,0.53,30.47,1.0,49.17,16.0,1,Correction
2025-08-18,115.2,-7.42,71.91,0.36,36.7,1.0,52.76,39.0,1,Mixed
2025-08-19,116.62,-6.28,71.57,0.24,41.7,1.0,53.4,36.0,1,Mixed
2025-08-20,117.15,-5.86,75.12,0.19,43.36,1.0,50.68,36.0,1,Mixed
2025-08-21,117.27,-5.76,74.51,0.19,44.33,1.0,50.0,29.0,1,Mixed
2025-08-22,116.94,-6.03,73.57,0.19,40.79,1.0,49.8,22.0,1,Mixed
2025-08-25,116.91,-6.05,73.16,0.08,39.34,0.0,49.63,34.0,1,Mixed
2025-08-26,115.18,-7.45,73.3,0.09,32.15,0.0,48.72,22.0,1,Mixed
2025-08-28,114.16,-8.26,72.95,0.25,28.18,0.0,48.51,10.0,1,Correction
2025-08-29,113.94,-8.44,72.45,0.29,27.25,0.0,47.49,15.0,1,Correction
2025-09-01,115.4,-7.26,72.0,0.13,33.59,0.0,49.45,30.0,1,Mixed
2025-09-02,116.32,-6.52,75.7,0.04,38.0,0.0,49.23,26.0,1,Mixed
2025-09-03,117.51,-5.57,75.68,0.06,43.54,0.0,50.0,42.0,1,Mixed
2025-09-04,116.87,-6.08,73.41,0.05,39.78,0.0,54.2,32.0,1,Mixed
2025-09-05,117.15,-5.86,74.0,0.17,39.68,0.0,54.35,43.0,1,Mixed
2025-09-08,117.78,-5.35,73.82,0.22,42.15,0.0,53.36,44.0,1,Mixed
2025-09-09,117.94,-5.22,73.58,0.32,43.39,0.0,52.17,35.0,1,Mixed
2025-09-10,118.65,-4.65,70.6,0.34,48.92,0.0,52.98,25.0,1,Mixed
2025-09-11,118.76,-4.56,69.46,0.34,50.38,1.0,52.94,31.0,0,Mixed
2025-09-12,118.96,-4.41,69.47,0.33,50.38,1.0,54.46,28.0,0,Mixed
2025-09-15,119.68,-3.82,67.33,0.43,54.29,1.0,52.89,40.0,0,Mixed
2025-09-16,120.33,-3.3,64.17,0.39,58.94,1.0,52.66,37.0,0,Trending up
2025-09-17,120.9,-2.85,61.08,0.35,61.93,1.0,51.1,47.0,0,Trending up
2025-09-18,120.98,-2.78,62.71,0.33,62.53,1.0,48.52,41.0,0,Trending up
2025-09-19,121.17,-2.62,67.33,0.33,61.49,1.0,44.76,54.0,0,Trending up
2025-09-22,120.52,-3.15,71.74,0.29,55.92,1.0,42.16,51.0,1,Trending up
2025-09-23,120.24,-3.37,71.74,0.27,53.52,1.0,40.3,48.0,2,Choppy
2025-09-24,119.45,-4.01,71.26,0.37,48.97,2.0,39.01,28.0,3,Choppy
2025-09-25,118.45,-4.81,74.64,0.37,41.62,2.0,38.36,17.0,3,Choppy
2025-09-26,116.09,-6.71,69.0,0.16,28.9,2.0,36.34,14.0,2,Choppy
2025-09-29,115.74,-6.99,66.38,0.03,28.16,2.0,36.57,24.0,3,Choppy
2025-09-30,115.72,-7.01,66.4,0.05,28.12,2.0,36.05,20.0,3,Choppy
2025-10-01,117.19,-5.83,66.55,0.03,35.26,2.0,36.02,25.0,3,Choppy
2025-10-03,118.44,-4.82,66.77,0.13,41.88,2.0,37.58,49.0,3,Choppy
2025-10-06,118.21,-5.01,67.08,0.09,41.18,2.0,41.21,37.0,2,Choppy
2025-10-07,118.01,-5.17,67.2,0.02,41.14,2.0,42.96,29.0,2,Choppy
2025-10-08,117.59,-5.5,67.4,0.03,36.89,2.0,48.12,23.0,2,Choppy
2025-10-09,117.89,-5.26,67.46,0.06,38.71,2.0,47.04,32.0,2,Choppy
2025-10-10,118.46,-4.81,67.66,0.02,41.17,1.0,45.0,27.0,1,Mixed
2025-10-13,117.7,-5.42,70.17,0.1,37.41,1.0,45.02,25.0,1,Mixed
2025-10-14,116.41,-6.45,72.87,0.24,31.85,1.0,45.33,22.0,1,Mixed
2025-10-15,117.37,-5.68,77.24,0.21,36.28,1.0,44.37,33.0,1,Mixed
2025-10-16,118.02,-5.16,80.11,0.21,38.93,1.0,44.48,31.0,1,Mixed
2025-10-17,117.36,-5.69,79.62,0.25,35.7,1.0,45.55,33.0,1,Mixed
2025-10-20,118.05,-5.14,79.08,0.21,38.55,1.0,49.36,57.0,1,Mixed
2025-10-21,119.13,-4.27,82.14,0.09,44.27,1.0,51.36,11.0,1,Mixed
2025-10-23,118.84,-4.5,79.12,0.09,43.44,1.0,50.79,44.0,1,Mixed
2025-10-24,118.58,-4.71,78.8,0.06,41.48,0.0,51.26,35.0,1,Mixed
2025-10-27,119.0,-4.37,78.5,0.04,43.57,0.0,52.17,54.0,1,Mixed
2025-10-28,119.01,-4.36,78.43,0.25,44.24,0.0,50.4,59.0,1,Mixed
2025-10-29,119.84,-3.7,78.09,0.33,49.47,0.0,47.45,54.0,1,Mixed
2025-10-30,119.72,-3.8,77.19,0.32,48.15,0.0,47.86,42.0,1,Mixed
2025-10-31,119.25,-4.17,77.21,0.18,43.4,0.0,47.72,49.0,1,Mixed
2025-11-03,119.97,-3.59,75.84,0.14,48.8,0.0,45.26,70.0,1,Mixed
2025-11-04,119.26,-4.16,76.8,0.09,42.68,0.0,43.07,51.0,1,Mixed
2025-11-06,117.34,-5.71,81.28,0.05,34.21,0.0,43.15,24.0,1,Mixed
2025-11-07,117.47,-5.6,75.5,0.01,34.56,0.0,43.22,34.0,1,Mixed
2025-11-10,117.17,-5.84,75.91,0.06,34.08,0.0,44.8,34.0,1,Mixed
2025-11-11,117.02,-5.97,76.2,0.12,34.64,0.0,44.91,35.0,1,Mixed
2025-11-12,117.86,-5.29,77.12,0.01,39.1,0.0,45.98,42.0,1,Mixed
2025-11-13,117.58,-5.51,77.25,0.1,36.79,0.0,47.56,29.0,1,Mixed
2025-11-14,117.65,-5.46,77.51,0.03,37.91,0.0,46.82,25.0,1,Mixed
2025-11-17,118.21,-5.01,77.65,0.02,39.75,0.0,45.89,33.0,1,Mixed
2025-11-18,117.37,-5.68,77.72,0.0,35.86,0.0,47.11,22.0,1,Mixed
2025-11-19,117.01,-5.97,77.63,0.1,35.21,0.0,45.57,27.0,1,Mixed
2025-11-20,116.84,-6.11,77.76,0.24,35.25,0.0,44.3,26.0,1,Mixed
2025-11-21,115.44,-7.23,74.93,0.32,28.2,0.0,42.66,13.0,1,Mixed
2025-11-24,113.97,-8.41,67.63,0.39,25.88,0.0,41.24,22.0,0,Correction
2025-11-25,114.37,-8.09,72.36,0.39,26.64,0.0,40.48,13.0,2,Correction
2025-11-26,115.65,-7.06,73.8,0.26,31.87,0.0,38.05,16.0,2,Choppy
2025-11-27,115.42,-7.24,73.07,0.36,31.34,0.0,38.57,13.0,2,Choppy
2025-11-28,115.35,-7.31,72.28,0.35,31.49,0.0,37.56,12.0,2,Choppy
2025-12-01,115.09,-7.51,71.88,0.34,30.28,0.0,36.61,19.0,2,Choppy
2025-12-02,114.55,-7.95,71.33,0.45,29.04,0.0,36.99,12.0,2,Choppy
2025-12-03,113.76,-8.58,70.34,0.46,26.43,0.0,39.07,5.0,2,Correction
2025-12-04,113.47,-8.81,68.53,0.37,26.41,0.0,38.69,12.0,1,Correction
2025-12-05,112.75,-9.39,67.28,0.43,24.63,0.0,41.35,9.0,0,Correction
2025-12-08,110.24,-11.41,61.04,0.52,17.3,0.0,41.18,8.0,0,Correction
2025-12-09,111.67,-10.26,58.13,0.37,21.64,0.0,39.66,10.0,1,Correction
2025-12-10,111.21,-10.63,62.47,0.47,19.18,0.0,38.18,10.0,1,Correction
2025-12-11,111.83,-10.13,63.73,0.4,23.0,0.0,33.96,9.0,1,Correction
2025-12-12,112.61,-9.51,62.83,0.33,26.78,0.0,38.53,15.0,1,Correction
2025-12-15,113.01,-9.19,62.65,0.35,27.41,0.0,43.81,15.0,0,Correction
2025-12-16,112.33,-9.73,62.37,0.34,25.41,0.0,46.53,8.0,0,Correction
2025-12-17,111.4,-10.48,62.92,0.36,23.33,0.0,47.57,7.0,0,Correction
2025-12-18,111.01,-10.79,63.08,0.37,21.75,0.0,54.46,10.0,0,Correction
2025-12-19,112.28,-9.77,67.13,0.2,26.55,0.0,49.57,23.0,0,Correction
2025-12-22,113.56,-8.74,69.75,0.03,31.54,0.0,48.15,28.0,1,Correction
2025-12-23,114.05,-8.35,70.21,0.02,34.47,0.0,47.22,19.0,1,Correction
2025-12-24,113.82,-8.53,69.26,0.13,34.0,0.0,51.52,31.0,1,Correction
2025-12-26,113.48,-8.8,69.2,0.13,32.59,0.0,51.61,30.0,0,Correction
2025-12-29,112.78,-9.37,68.26,0.17,30.38,0.0,51.91,12.0,0,Correction
2025-12-30,112.61,-9.5,74.99,0.16,28.97,0.0,54.77,31.0,1,Correction
2025-12-31,113.88,-8.49,74.7,0.04,34.39,0.0,55.45,29.0,1,Correction
2026-01-01,114.06,-8.34,74.43,0.02,35.62,0.0,52.72,26.0,1,Correction
2026-01-02,115.16,-7.46,71.79,0.11,41.52,0.0,45.59,43.0,1,Mixed
2026-01-05,114.83,-7.72,69.38,0.13,40.21,0.0,43.64,42.0,0,Mixed
2026-01-06,114.27,-8.17,69.67,0.3,37.09,0.0,41.12,41.0,0,Correction
2026-01-07,114.54,-7.96,69.62,0.23,39.43,0.0,38.7,38.0,1,Mixed
2026-01-08,112.35,-9.71,74.36,0.08,28.59,0.0,36.18,12.0,2,Correction
2026-01-09,110.51,-11.2,70.74,0.09,22.64,0.0,35.13,5.0,2,Correction
2026-01-12,109.83,-11.74,62.52,0.18,20.44,0.0,32.36,8.0,1,Correction
2026-01-13,110.05,-11.57,62.84,0.2,21.89,0.0,26.88,9.0,1,Correction
2026-01-14,110.13,-11.5,62.92,0.15,23.58,0.0,22.58,24.0,1,Correction
2026-01-16,109.73,-11.82,63.32,0.12,22.77,0.0,22.36,24.0,2,Correction
2026-01-19,108.45,-12.85,62.74,0.17,19.19,0.0,25.11,16.0,1,Correction
2026-01-20,105.4,-15.3,54.31,0.41,12.37,0.0,24.86,4.0,1,Correction
2026-01-21,104.39,-16.11,49.63,0.56,11.92,0.0,23.97,6.0,1,Correction
2026-01-22,105.99,-14.82,50.33,0.46,14.56,0.0,28.69,14.0,1,Correction
2026-01-23,103.76,-16.62,51.33,0.52,11.1,0.0,30.25,9.0,1,Correction
2026-01-27,103.65,-16.71,50.81,0.51,12.47,0.0,33.33,18.0,1,Correction
2026-01-28,105.91,-14.89,52.09,0.33,17.43,0.0,37.59,17.0,1,Correction
2026-01-29,105.6,-15.14,53.83,0.33,16.97,0.0,39.38,28.0,1,Correction
2026-01-30,106.68,-14.27,60.57,0.35,21.6,0.0,44.67,14.0,0,Correction
2026-02-02,105.45,-15.26,65.43,0.39,17.01,0.0,48.91,11.0,0,Correction
2026-02-03,109.02,-12.39,66.45,0.25,31.55,0.0,54.6,53.0,0,Correction
2026-02-04,110.42,-11.26,67.06,0.17,36.32,0.0,56.34,43.0,0,Correction
2026-02-05,109.6,-11.93,67.5,0.18,34.26,0.0,54.66,29.0,0,Correction
2026-02-06,109.26,-12.2,67.62,0.21,34.19,0.0,54.47,13.0,0,Correction
2026-02-09,111.96,-10.03,63.94,0.01,47.14,0.0,52.46,58.0,1,Mixed
2026-02-10,112.82,-9.34,59.41,0.09,51.14,1.0,49.7,66.0,1,Mixed
2026-02-11,112.5,-9.6,59.11,0.11,48.79,2.0,50.95,54.0,2,Choppy
2026-02-12,111.79,-10.17,59.11,0.07,44.24,2.0,49.74,51.0,2,Choppy
2026-02-13,110.04,-11.57,58.78,0.0,35.51,2.0,48.25,22.0,2,Correction
2026-02-16,109.6,-11.92,61.63,0.0,34.53,2.0,47.22,24.0,2,Correction
2026-02-17,110.6,-11.12,61.19,0.08,38.43,2.0,43.41,27.0,2,Correction
2026-02-18,110.99,-10.81,60.63,0.23,41.58,2.0,41.27,34.0,1,Mixed
2026-02-19,109.5,-12.01,60.06,0.21,34.41,2.0,41.46,8.0,1,Correction
2026-02-20,109.34,-12.13,74.77,0.14,34.38,2.0,42.23,23.0,2,Correction
2026-02-23,109.27,-12.19,74.91,0.26,35.45,2.0,41.16,19.0,2,Correction
2026-02-24,108.16,-13.09,72.03,0.2,31.09,2.0,40.28,21.0,3,Correction
2026-02-25,108.37,-12.91,71.71,0.12,34.6,2.0,35.69,26.0,3,Correction
2026-02-26,108.75,-12.61,71.35,0.16,35.01,2.0,33.19,31.0,3,Correction
2026-02-27,107.87,-13.31,69.93,0.06,31.58,2.0,30.17,29.0,3,Correction
2026-03-02,105.53,-15.19,57.31,0.0,23.67,2.0,28.88,14.0,3,Correction
2026-03-04,103.24,-17.03,56.33,0.29,18.32,2.0,29.17,11.0,2,Correction
2026-03-05,104.3,-16.19,60.47,0.32,21.61,2.0,28.43,15.0,2,Correction
2026-03-06,103.87,-16.53,60.13,0.3,20.7,2.0,27.05,18.0,2,Correction
2026-03-09,101.47,-18.46,53.25,0.37,14.58,2.0,24.08,7.0,2,Correction
2026-03-10,103.74,-16.64,53.4,0.4,20.76,2.0,25.14,11.0,2,Correction
2026-03-11,103.47,-16.85,54.47,0.47,19.81,1.0,26.86,13.0,1,Correction
2026-03-12,103.09,-17.16,57.48,0.47,19.51,0.0,23.84,23.0,1,Correction
2026-03-13,100.14,-19.53,58.19,0.52,11.86,0.0,26.03,5.0,1,Correction
2026-03-16,99.41,-20.11,56.19,0.5,11.71,0.0,28.46,6.0,1,Bear
2026-03-17,100.08,-19.57,56.22,0.44,14.18,0.0,29.91,8.0,1,Correction
2026-03-18,102.55,-17.59,56.74,0.35,19.35,0.0,31.67,14.0,1,Correction
2026-03-19,99.77,-19.82,58.11,0.44,13.02,0.0,30.91,5.0,1,Correction
2026-03-20,100.49,-19.25,66.06,0.37,16.72,0.0,33.33,13.0,1,Correction
2026-03-23,96.24,-22.66,63.22,0.46,8.28,0.0,33.33,4.0,1,Bear
2026-03-24,98.47,-20.87,63.42,0.35,13.3,0.0,33.0,9.0,1,Bear
2026-03-25,100.43,-19.3,63.59,0.24,18.45,0.0,33.0,13.0,1,Correction
2026-03-27,97.66,-21.52,64.33,0.31,13.51,0.0,41.94,16.0,0,Bear
2026-03-30,94.55,-24.02,59.18,0.38,11.18,0.0,42.57,13.0,0,Bear
2026-04-01,99.2,-20.29,60.67,0.21,17.49,0.0,50.45,16.0,0,Bear
2026-04-02,99.9,-19.72,65.32,0.14,19.45,0.0,53.51,11.0,0,Correction
2026-04-06,101.25,-18.64,68.44,0.05,23.32,0.0,57.63,18.0,1,Correction
2026-04-07,101.68,-18.29,67.86,0.07,26.36,0.0,60.9,20.0,1,Correction
2026-04-08,105.9,-14.9,57.83,0.05,48.01,0.0,68.52,42.0,1,Mixed
2026-04-09,105.92,-14.88,56.93,0.11,47.14,0.0,74.0,42.0,1,Mixed
2026-04-10,108.03,-13.19,53.42,0.11,60.48,1.0,77.51,58.0,1,Trending up
2026-04-13,107.89,-13.3,54.22,0.11,57.49,1.0,79.93,68.0,1,Trending up
2026-04-15,110.78,-10.97,48.59,0.19,73.1,1.0,79.51,83.0,0,Trending up
2026-04-16,111.95,-10.04,45.24,0.3,78.03,1.0,78.32,71.0,0,Trending up
2026-04-17,113.34,-8.92,42.88,0.35,81.51,1.0,72.2,105.0,0,Trending up
2026-04-20,112.84,-9.32,42.38,0.32,77.7,1.0,72.02,72.0,0,Trending up
2026-04-21,113.68,-8.65,41.29,0.29,78.11,1.0,70.63,62.0,0,Trending up
2026-04-22,114.7,-7.83,43.83,0.41,78.96,1.0,67.68,90.0,0,Trending up
2026-04-23,114.34,-8.12,41.68,0.38,75.67,1.0,63.43,71.0,0,Trending up
2026-04-24,112.81,-9.35,45.98,0.5,67.46,1.0,61.84,38.0,0,Trending up
2026-04-27,115.09,-7.51,49.16,0.5,75.35,1.0,58.63,87.0,0,Trending up
2026-04-28,115.07,-7.53,56.55,0.46,73.28,1.0,55.82,68.0,0,Trending up
2026-04-29,115.16,-7.46,56.61,0.61,73.98,1.0,54.36,70.0,0,Trending up
2026-04-30,114.64,-7.87,57.04,0.77,70.06,1.0,54.75,53.0,0,Trending up
2026-05-04,115.97,-6.81,56.44,0.73,73.88,1.0,55.86,114.0,0,Trending up
2026-05-05,116.1,-6.7,69.15,0.73,71.74,1.0,51.97,82.0,0,Trending up
2026-05-06,117.97,-5.2,68.56,0.73,80.15,1.0,48.29,116.0,0,Trending up
2026-05-07,119.61,-3.88,66.25,0.74,81.85,1.0,43.86,156.0,0,Trending up
2026-05-08,119.65,-3.85,64.49,0.69,80.03,1.0,40.93,137.0,0,Trending up
2026-05-11,118.11,-5.08,65.64,0.57,72.08,1.0,38.3,83.0,1,Trending up
2026-05-12,114.58,-7.92,66.9,0.29,57.14,0.0,37.21,16.0,1,Trending up
2026-05-13,115.2,-7.43,67.33,0.31,58.96,0.0,35.95,38.0,1,Trending up
2026-05-14,115.33,-7.32,67.74,0.22,58.19,0.0,34.05,42.0,1,Trending up
2026-05-15,114.74,-7.79,72.0,0.14,55.74,0.0,31.69,46.0,2,Choppy
2026-05-18,113.42,-8.85,66.17,0.0,48.01,1.0,29.17,28.0,2,Choppy
2026-05-19,114.57,-7.93,66.38,0.08,52.77,2.0,30.85,48.0,3,Choppy
2026-05-20,114.99,-7.6,66.4,0.06,53.08,2.0,33.23,41.0,3,Choppy
2026-05-21,115.87,-6.89,66.41,0.06,56.58,2.0,37.34,70.0,3,Choppy
2026-05-22,116.14,-6.67,66.08,0.09,56.72,2.0,42.83,48.0,2,Choppy
2026-05-25,117.69,-5.42,66.23,0.25,62.28,2.0,47.26,61.0,1,Trending up
2026-05-26,118.15,-5.06,66.11,0.17,62.68,2.0,47.06,88.0,1,Trending up
2026-05-27,118.66,-4.65,65.97,0.19,62.82,2.0,48.1,81.0,1,Trending up
2026-05-29,117.61,-5.49,69.3,0.13,56.37,2.0,49.92,78.0,2,Choppy
2026-06-01,116.59,-6.31,69.53,0.1,50.73,2.0,49.41,46.0,2,Choppy
2026-06-02,117.65,-5.45,68.79,0.09,53.95,2.0,48.78,52.0,2,Choppy
2026-06-03,117.72,-5.4,68.61,0.08,52.34,2.0,47.17,54.0,2,Choppy
2026-06-04,118.44,-4.82,68.37,0.03,53.29,2.0,43.74,69.0,2,Choppy
2026-06-05,118.45,-4.81,68.19,0.07,53.32,2.0,43.38,50.0,2,Choppy
2026-06-08,116.41,-6.45,74.62,0.17,44.19,3.0,44.98,28.0,2,Choppy
2026-06-09,118.34,-4.9,74.54,0.01,52.21,4.0,45.44,46.0,2,Choppy
2026-06-10,116.99,-5.99,82.51,0.14,45.24,5.0,46.28,34.0,2,Choppy
2026-06-11,115.73,-7.0,83.03,0.03,41.95,5.0,46.74,18.0,2,Choppy
2026-06-12,118.82,-4.51,83.24,0.17,53.6,6.0,46.53,50.0,2,Choppy
2026-06-15,120.71,-3.0,74.21,0.27,63.75,6.0,50.93,82.0,2,Choppy
2026-06-16,121.36,-2.48,74.02,0.37,66.29,5.0,50.0,59.0,2,Choppy
2026-06-17,122.05,-1.92,71.35,0.36,67.9,4.0,50.2,70.0,2,Choppy
2026-06-18,122.79,-1.33,67.44,0.37,69.06,4.0,53.83,85.0,1,Trending up
2026-06-19,123.54,-0.72,65.14,0.36,69.76,4.0,54.12,99.0,1,Trending up
2026-06-22,124.74,0.0,60.18,0.39,72.73,4.0,50.76,111.0,1,Trending up
2026-06-23,123.61,-0.91,60.36,0.27,67.6,4.0,50.37,59.0,1,Trending up
2026-06-24,123.89,-0.68,60.19,0.27,67.62,4.0,50.21,66.0,1,Trending up
2026-06-25,123.05,-1.36,60.3,0.2,65.11,4.0,49.51,38.0,1,Trending up
2026-06-29,122.58,-1.73,60.24,0.24,59.69,4.0,49.03,49.0,1,Trending up
2026-06-30,123.46,-1.03,60.2,0.33,61.85,4.0,47.13,79.0,1,Trending up
2026-07-01,124.05,-0.55,60.03,0.31,66.18,4.0,45.97,64.0,1,Trending up
2026-07-02,125.34,0.0,64.45,0.35,71.68,4.0,45.68,68.0,1,Trending up
2026-07-03,125.49,0.0,72.35,0.33,71.19,4.0,45.79,68.0,2,Choppy
2026-07-06,125.54,0.0,74.37,0.33,69.15,4.0,45.44,67.0,2,Choppy
2026-07-07,124.68,-0.69,77.65,0.41,65.9,3.0,47.02,46.0,2,Choppy
2026-07-08,122.41,-2.49,80.84,0.2,52.92,2.0,47.5,34.0,2,Choppy
2026-07-09,124.45,-0.87,81.08,0.35,60.39,1.0,48.38,72.0,1,Trending up
2026-07-10,126.05,0.0,80.82,0.48,67.96,1.0,46.75,69.0,1,Trending up
2026-07-13,126.73,0.0,78.0,0.42,69.4,0.0,45.04,88.0,1,Trending up
2026-07-14,125.55,-0.93,77.71,0.26,62.68,0.0,44.23,48.0,1,Trending up
2026-07-15,126.07,-0.52,77.7,0.26,64.93,0.0,46.48,51.0,1,Trending up
2026-07-16,125.99,-0.58,77.4,0.22,63.64,0.0,46.95,47.0,1,Trending up
2026-07-17,125.12,-1.27,78.96,0.13,60.71,0.0,45.21,31.0,1,Trending up
2026-07-20,125.68,-0.83,78.96,0.12,62.33,0.0,45.51,48.0,1,Trending up
2026-07-21,126.07,-0.52,78.64,0.08,62.51,0.0,44.77,57.0,1,Trending up
2026-07-22,124.67,-1.62,78.79,0.06,56.2,0.0,44.55,30.0,1,Trending up
2026-07-23,123.82,-2.29,78.83,0.0,50.42,0.0,43.25,35.0,1,Mixed
2026-07-24,124.12,-2.06,78.94,0.06,51.45,0.0,46.4,37.0,1,Mixed
2026-07-27,125.41,-1.04,78.88,0.16,56.78,0.0,49.44,59.0,1,Trending up
2026-07-28,124.37,-1.87,79.48,0.05,51.87,0.0,51.03,44.0,1,Mixed
2026-07-29,125.44,-1.01,79.2,0.08,56.72,0.0,52.49,54.0,1,Trending up
2026-07-30,124.57,-1.71,79.15,0.04,51.97,0.0,55.58,53.0,1,Mixed
2026-07-31,125.49,-0.98,79.55,0.0,54.77,0.0,56.45,56.0,1,Mixed
2026-08-03,127.29,0.0,75.65,0.09,62.73,0.0,55.45,80.0,1,Trending up
2026-08-04,127.45,0.0,74.21,0.14,61.49,0.0,57.09,67.0,1,Trending up
2026-08-05,128.13,0.0,71.4,0.31,63.98,0.0,55.54,84.0,1,Trending up
2026-08-06,128.26,0.0,70.47,0.23,62.73,0.0,55.19,82.0,1,Trending up
2026-08-07,128.22,-0.03,70.62,0.15,60.4,0.0,53.36,75.0,1,Trending up
2026-08-10,128.43,0.0,70.06,0.12,60.26,0.0,52.94,0.0,1,Trending up
2026-08-11,128.3,-0.1,70.07,0.21,57.44,0.0,52.63,0.0,0,Trending up
2026-08-12,127.83,-0.47,70.28,0.13,55.1,0.0,51.31,0.0,1,Trending up
2026-08-13,128.15,-0.22,77.2,0.16,55.75,0.0,48.65,0.0,1,Trending up
