d,index,brk
2024-09-25,Range,Failing
2024-09-26,Range,Failing
2024-09-27,Range,Failing
2024-09-30,Range,Failing
2024-10-01,Range,Failing
2024-10-03,Range,Failing
2024-10-04,Range,Failing
2024-10-07,Trend,Failing
2024-10-08,Range,Failing
2024-10-09,Range,Failing
2024-10-10,Range,Failing
2024-10-11,Range,Failing
2024-10-14,Range,Failing
2024-10-15,Range,Failing
2024-10-16,Range,Failing
2024-10-17,Range,Failing
2024-10-18,Range,Failing
2024-10-21,Range,Failing
2024-10-22,Trend,Failing
2024-10-23,Trend,Failing
2024-10-24,Trend,Failing
2024-10-25,Trend,Failing
2024-10-28,Trend,Failing
2024-10-29,Trend,Failing
2024-10-30,Trend,Failing
2024-10-31,Range,Paying
2024-11-01,Range,Paying
2024-11-04,Range,Paying
2024-11-05,Range,Paying
2024-11-06,Range,Paying
2024-11-07,Range,Failing
2024-11-08,Range,Failing
2024-11-11,Range,Failing
2024-11-12,Trend,Failing
2024-11-13,Trend,Failing
2024-11-14,Trend,Failing
2024-11-18,Trend,Failing
2024-11-19,Trend,Failing
2024-11-21,Range,Failing
2024-11-22,Range,Paying
2024-11-25,Range,Paying
2024-11-26,Range,Paying
2024-11-27,Range,Paying
2024-11-28,Range,Paying
2024-11-29,Range,Paying
2024-12-02,Range,Paying
2024-12-03,Range,Paying
2024-12-04,Trend,Paying
2024-12-05,Trend,Paying
2024-12-06,Range,Paying
2024-12-09,Range,Paying
2024-12-10,Trend,Paying
2024-12-11,Trend,Paying
2024-12-12,Trend,Paying
2024-12-13,Trend,Paying
2024-12-16,Trend,Paying
2024-12-17,Trend,Failing
2024-12-18,Trend,Failing
2024-12-19,Range,Failing
2024-12-20,Range,Failing
2024-12-23,Range,Failing
2024-12-24,Range,Failing
2024-12-26,Range,Failing
2024-12-27,Range,Failing
2024-12-30,Range,Failing
2024-12-31,Range,Failing
2025-01-01,Range,Failing
2025-01-02,Range,Failing
2025-01-03,Range,Failing
2025-01-06,Range,Failing
2025-01-07,Range,Failing
2025-01-08,Range,Failing
2025-01-09,Range,Failing
2025-01-10,Trend,Failing
2025-01-13,Trend,Failing
2025-01-14,Trend,Failing
2025-01-15,Trend,Failing
2025-01-16,Trend,Failing
2025-01-17,Trend,Failing
2025-01-20,Trend,Failing
2025-01-21,Trend,Failing
2025-01-22,Trend,Failing
2025-01-23,Trend,Failing
2025-01-24,Trend,Failing
2025-01-27,Trend,Failing
2025-01-28,Trend,Failing
2025-01-29,Trend,Failing
2025-01-30,Trend,Paying
2025-01-31,Trend,Paying
2025-02-03,Trend,Paying
2025-02-04,Trend,Failing
2025-02-05,Trend,Failing
2025-02-06,Trend,Failing
2025-02-07,Range,Failing
2025-02-10,Range,Failing
2025-02-11,Trend,Failing
2025-02-12,Trend,Failing
2025-02-13,Trend,Failing
2025-02-14,Trend,Failing
2025-02-17,Trend,Failing
2025-02-18,Trend,Failing
2025-02-19,Trend,Failing
2025-02-20,Trend,Failing
2025-02-21,Trend,Failing
2025-02-24,Trend,Failing
2025-02-25,Trend,Paying
2025-02-27,Trend,Paying
2025-02-28,Trend,Paying
2025-03-03,Trend,Paying
2025-03-04,Trend,Paying
2025-03-05,Trend,Paying
2025-03-06,Trend,Paying
2025-03-07,Trend,Paying
2025-03-10,Trend,Paying
2025-03-11,Trend,Paying
2025-03-12,Trend,Paying
2025-03-13,Trend,Paying
2025-03-17,Trend,Paying
2025-03-18,Range,Paying
2025-03-19,Range,Paying
2025-03-20,Range,Paying
2025-03-21,Range,Paying
2025-03-24,Range,Paying
2025-03-25,Range,Paying
2025-03-26,Range,Paying
2025-03-27,Range,Failing
2025-03-28,Range,Failing
2025-04-01,Trend,Failing
2025-04-02,Trend,Failing
2025-04-03,Trend,Failing
2025-04-04,Range,Failing
2025-04-07,Range,Failing
2025-04-08,Range,Failing
2025-04-09,Range,Paying
2025-04-11,Range,Paying
2025-04-15,Trend,Paying
2025-04-16,Trend,Paying
2025-04-17,Trend,Paying
2025-04-21,Trend,Paying
2025-04-22,Trend,Paying
2025-04-23,Trend,Paying
2025-04-24,Range,Failing
2025-04-25,Range,Failing
2025-04-28,Range,Failing
2025-04-29,Range,Failing
2025-04-30,Range,Failing
2025-05-02,Range,Failing
2025-05-05,Range,Failing
2025-05-06,Range,Failing
2025-05-07,Range,Failing
2025-05-08,Range,Paying
2025-05-09,Trend,Paying
2025-05-12,Trend,Paying
2025-05-13,Trend,Paying
2025-05-14,Trend,Paying
2025-05-15,Trend,Paying
2025-05-16,Trend,Paying
2025-05-19,Trend,Paying
2025-05-20,Trend,Paying
2025-05-21,Trend,Paying
2025-05-22,Trend,Paying
2025-05-23,Trend,Paying
2025-05-26,Trend,Paying
2025-05-27,Trend,Paying
2025-05-28,Trend,Paying
2025-05-29,Trend,Paying
2025-05-30,Trend,Paying
2025-06-02,Range,Paying
2025-06-03,Range,Paying
2025-06-04,Range,Paying
2025-06-05,Range,Paying
2025-06-06,Range,Paying
2025-06-09,Range,Paying
2025-06-10,Trend,Paying
2025-06-11,Trend,Paying
2025-06-12,Range,Failing
2025-06-13,Range,Failing
2025-06-16,Range,Failing
2025-06-17,Range,Failing
2025-06-18,Range,Failing
2025-06-19,Range,Failing
2025-06-20,Range,Failing
2025-06-23,Range,Failing
2025-06-24,Range,Failing
2025-06-25,Range,Paying
2025-06-26,Range,Paying
2025-06-27,Range,Paying
2025-06-30,Range,Paying
2025-07-01,Range,Paying
2025-07-02,Range,Paying
2025-07-03,Range,Paying
2025-07-04,Range,Paying
2025-07-07,Range,Paying
2025-07-08,Range,Paying
2025-07-09,Range,Paying
2025-07-10,Trend,Paying
2025-07-11,Range,Paying
2025-07-14,Range,Paying
2025-07-15,Range,Paying
2025-07-16,Range,Paying
2025-07-17,Range,Paying
2025-07-18,Range,Paying
2025-07-21,Range,Paying
2025-07-22,Range,Paying
2025-07-23,Range,Failing
2025-07-24,Range,Failing
2025-07-25,Range,Failing
2025-07-28,Range,Failing
2025-07-29,Range,Failing
2025-07-30,Range,Failing
2025-07-31,Range,Failing
2025-08-01,Range,Failing
2025-08-04,Range,Failing
2025-08-05,Range,Failing
2025-08-06,Range,Failing
2025-08-07,Trend,Failing
2025-08-08,Trend,Failing
2025-08-11,Trend,Failing
2025-08-12,Trend,Failing
2025-08-13,Range,Paying
2025-08-14,Range,Paying
2025-08-18,Range,Paying
2025-08-19,Range,Paying
2025-08-20,Range,Paying
2025-08-21,Range,Paying
2025-08-22,Range,Paying
2025-08-25,Range,Paying
2025-08-26,Range,Paying
2025-08-28,Range,Paying
2025-08-29,Range,Paying
2025-09-01,Range,Paying
2025-09-02,Range,Paying
2025-09-03,Range,Paying
2025-09-04,Range,Paying
2025-09-05,Range,Paying
2025-09-08,Range,Paying
2025-09-09,Range,Paying
2025-09-10,Range,Paying
2025-09-11,Range,Paying
2025-09-12,Range,Paying
2025-09-15,Range,Paying
2025-09-16,Trend,Paying
2025-09-17,Trend,Paying
2025-09-18,Trend,Paying
2025-09-19,Range,Failing
2025-09-22,Range,Failing
2025-09-23,Range,Failing
2025-09-24,Range,Failing
2025-09-25,Range,Failing
2025-09-26,Range,Failing
2025-09-29,Range,Failing
2025-09-30,Range,Failing
2025-10-01,Range,Failing
2025-10-03,Range,Failing
2025-10-06,Range,Failing
2025-10-07,Range,Failing
2025-10-08,Range,Paying
2025-10-09,Range,Paying
2025-10-10,Range,Paying
2025-10-13,Range,Paying
2025-10-14,Range,Paying
2025-10-15,Range,Failing
2025-10-16,Range,Failing
2025-10-17,Range,Paying
2025-10-20,Range,Paying
2025-10-21,Range,Paying
2025-10-23,Range,Paying
2025-10-24,Range,Paying
2025-10-27,Range,Paying
2025-10-28,Range,Paying
2025-10-29,Range,Paying
2025-10-30,Range,Paying
2025-10-31,Range,Paying
2025-11-03,Range,Paying
2025-11-04,Range,Failing
2025-11-06,Range,Failing
2025-11-07,Range,Failing
2025-11-10,Range,Failing
2025-11-11,Range,Paying
2025-11-12,Range,Paying
2025-11-13,Range,Paying
2025-11-14,Range,Paying
2025-11-17,Range,Paying
2025-11-18,Range,Paying
2025-11-19,Range,Paying
2025-11-20,Range,Failing
2025-11-21,Range,Failing
2025-11-24,Trend,Failing
2025-11-25,Range,Failing
2025-11-26,Range,Failing
2025-11-27,Range,Failing
2025-11-28,Range,Failing
2025-12-01,Range,Failing
2025-12-02,Range,Failing
2025-12-03,Range,Failing
2025-12-04,Trend,Failing
2025-12-05,Trend,Failing
2025-12-08,Trend,Failing
2025-12-09,Trend,Failing
2025-12-10,Trend,Failing
2025-12-11,Trend,Failing
2025-12-12,Trend,Failing
2025-12-15,Trend,Failing
2025-12-16,Trend,Paying
2025-12-17,Trend,Paying
2025-12-18,Trend,Paying
2025-12-19,Trend,Paying
2025-12-22,Range,Paying
2025-12-23,Range,Paying
2025-12-24,Range,Paying
2025-12-26,Range,Paying
2025-12-29,Range,Paying
2025-12-30,Range,Paying
2025-12-31,Range,Paying
2026-01-01,Range,Paying
2026-01-02,Range,Paying
2026-01-05,Range,Failing
2026-01-06,Range,Failing
2026-01-07,Range,Failing
2026-01-08,Range,Failing
2026-01-09,Range,Failing
2026-01-12,Range,Failing
2026-01-13,Trend,Failing
2026-01-14,Range,Failing
2026-01-16,Range,Failing
2026-01-19,Range,Failing
2026-01-20,Trend,Failing
2026-01-21,Trend,Failing
2026-01-22,Trend,Failing
2026-01-23,Trend,Failing
2026-01-27,Trend,Failing
2026-01-28,Trend,Failing
2026-01-29,Trend,Failing
2026-01-30,Trend,Paying
2026-02-02,Trend,Paying
2026-02-03,Trend,Paying
2026-02-04,Range,Paying
2026-02-05,Range,Paying
2026-02-06,Trend,Paying
2026-02-09,Range,Paying
2026-02-10,Range,Paying
2026-02-11,Range,Paying
2026-02-12,Range,Paying
2026-02-13,Range,Paying
2026-02-16,Range,Paying
2026-02-17,Range,Failing
2026-02-18,Trend,Failing
2026-02-19,Trend,Failing
2026-02-20,Range,Failing
2026-02-23,Range,Failing
2026-02-24,Range,Failing
2026-02-25,Range,Failing
2026-02-26,Range,Failing
2026-02-27,Range,Failing
2026-03-02,Range,Failing
2026-03-04,Trend,Failing
2026-03-05,Trend,Failing
2026-03-06,Trend,Failing
2026-03-09,Trend,Failing
2026-03-10,Trend,Failing
2026-03-11,Trend,Failing
2026-03-12,Trend,Failing
2026-03-13,Trend,Failing
2026-03-16,Trend,Failing
2026-03-17,Trend,Failing
2026-03-18,Trend,Failing
2026-03-19,Trend,Failing
2026-03-20,Trend,Failing
2026-03-23,Trend,Failing
2026-03-24,Trend,Failing
2026-03-25,Trend,Failing
2026-03-27,Trend,Failing
2026-03-30,Trend,Failing
2026-04-01,Trend,Paying
2026-04-02,Range,Paying
2026-04-06,Range,Paying
2026-04-07,Range,Paying
2026-04-08,Range,Paying
2026-04-09,Range,Paying
2026-04-10,Range,Paying
2026-04-13,Range,Paying
2026-04-15,Trend,Paying
2026-04-16,Trend,Paying
2026-04-17,Trend,Paying
2026-04-20,Trend,Paying
2026-04-21,Trend,Paying
2026-04-22,Trend,Paying
2026-04-23,Trend,Paying
2026-04-24,Trend,Paying
2026-04-27,Trend,Paying
2026-04-28,Trend,Paying
2026-04-29,Trend,Paying
2026-04-30,Trend,Paying
2026-05-04,Trend,Paying
2026-05-05,Range,Paying
2026-05-06,Range,Paying
2026-05-07,Trend,Failing
2026-05-08,Trend,Failing
2026-05-11,Trend,Failing
2026-05-12,Trend,Failing
2026-05-13,Trend,Failing
2026-05-14,Range,Failing
2026-05-15,Range,Failing
2026-05-18,Range,Failing
2026-05-19,Range,Failing
2026-05-20,Range,Failing
2026-05-21,Range,Failing
2026-05-22,Range,Failing
2026-05-25,Trend,Paying
2026-05-26,Range,Paying
2026-05-27,Range,Paying
2026-05-29,Range,Paying
2026-06-01,Range,Paying
2026-06-02,Range,Paying
2026-06-03,Range,Paying
2026-06-04,Range,Failing
2026-06-05,Range,Failing
2026-06-08,Range,Paying
2026-06-09,Range,Paying
2026-06-10,Range,Paying
2026-06-11,Range,Paying
2026-06-12,Range,Paying
2026-06-15,Range,Paying
2026-06-16,Range,Paying
2026-06-17,Range,Paying
2026-06-18,Trend,Paying
2026-06-19,Trend,Paying
2026-06-22,Trend,Paying
2026-06-23,Trend,Paying
2026-06-24,Trend,Paying
2026-06-25,Trend,Paying
2026-06-29,Trend,Paying
2026-06-30,Trend,Paying
2026-07-01,Trend,Paying
2026-07-02,Trend,Paying
2026-07-03,Range,Paying
2026-07-06,Range,Paying
2026-07-07,Range,Paying
2026-07-08,Range,Paying
2026-07-09,Range,Paying
2026-07-10,Range,Paying
2026-07-13,Range,Paying
2026-07-14,Range,Failing
2026-07-15,Range,Paying
2026-07-16,Range,Paying
2026-07-17,Range,Paying
2026-07-20,Range,Paying
2026-07-21,Range,Failing
2026-07-22,Range,Failing
2026-07-23,Range,Failing
2026-07-24,Range,Paying
2026-07-27,Range,Paying
2026-07-28,Range,Paying
2026-07-29,Range,Paying
2026-07-30,Range,Paying
2026-07-31,Range,Paying
2026-08-03,Range,Paying
2026-08-04,Range,Paying
2026-08-05,Range,Paying
2026-08-06,Range,Paying
2026-08-07,Range,Paying
2026-08-10,Range,Paying
2026-08-11,Range,Paying
2026-08-12,Range,Paying
2026-08-13,Range,Paying
